nama;jumlah_ulasan;tanggal;ulasan
Admin Tanggal Gajian;64 ;sebulan lalu;Tanamera Coffee ini harusnya udah pada tau juga yaa karna cabangnya juga udah banyak bangettt. Yang di Surabaya ini tempatnya luas gitu ada 2 tingkat dan enak banget buat wfo karna ga yang terlalu berisik gitu suasananya.
Admin Tanggal Gajian;64 ;sebulan lalu;Kemarin sih admin sebenernya asal aja beli cemilan karna udah kenyang bingbing. Tapi sebagai pecinta tape goreng ini ternyata enak lo?!?! Apalagi pas anget anget. Dalemnya berasa lumer gitu ???? Sori banget kalo foto kita kurang mendeskripsikan ke-lumer-an nya, tapi kalian kalo kesini coba buktiin aja plis ???? Dan isinya itu ada 5 biji dan gede gede banget wkwk jujur ga abis.
Admin Tanggal Gajian;64 ;sebulan lalu;Jadi sebenernya walau harga nya cukup pricey, tetep worth it juga xixi ??????: Tanamera Coffee????: Avocado Smoothies 48K, Tape Goreng 35KIG: @tanggalgajian
Niken Tawang Sasi;30 ;8 bulan lalu;pisang goreng 35k ???? enakk, manis, bisa minta nambah topping gula halusnya• cold white caramel 500ml 50k ???? enakk, recommended, manis tapi masih kerasa kopi, aman buat yg gasuka kopi pahit• TC caramel macchiato 43k ???? enak juga tapi lebih recommend yg cold white caramel ~
Niken Tawang Sasi;30 ;8 bulan lalu;cozy and spacious place, ada area indoor & outdoor, 2 lantai, sebelah ranch market
Nha Skj;28 ;4 bulan lalu;"Cozy and warm, cafe dengan konsep container modern, tapi tenang yaaa gak bakal panas kalo nongki di dalem, justru dingin banged malahan, kebetulan pas ngafe sore hari jadi seneng banged bisa menghabiskan waktu disini sama temen"". akan kembali lagi lain waktu"
Admin Tanggal Gajian;64 ;sebulan lalu;Salah satu coffeeshop pewe di sby barat nih! Menu menunya juga banyak bgt.Yg paling kusuka selain tempat, adalah pelayanannya ahaha. Gatau knp tim mager kek aku males kalo self service jadi lumayan happy klo kesini.
Admin Tanggal Gajian;64 ;sebulan lalu;Ref Velvet Lattenya enak! sukak ada pait2 nya. Mozarella sticknya juga enak tebel dan bikin kenyaaang.Cold White Caramel dan Coconutnya juarak ??????????
Niken Tawang Sasi;30 ;8 bulan lalu;hang out kesini pertama kali pas sampai Surabaya disaat weekend ada live music dan area outdoornya kurang luas, jadi kurang nyaman jika dibandingkan dgn jmlh pengunjung yg datang. 
Niken Tawang Sasi;30 ;8 bulan lalu;Rata-rata anak muda surabaya yang nongkrong disini, menu pilihannya kurang beragam, kalau kalian mau kesini lebih baik hindari weekend karena semua berebut ingin diarea outdoor menonton live music dibanding memilih duduk diarea dalamnya
Nha Skj;28 ;4 bulan lalu;Bingung sunday mau mam di mana cus lah kesini aja sambil nyobain?? dan emang mau ke sebelah juga sih yauda sekalian parkir di depan cafe ini. Untuk kemarin aku pesen ricebowl salmon sama beef rica2 ????? aku agak kurang srek sama rice di beef rica2 nya gatau kayak lidahku ga cocok aja gitu, apa di kasih butter atau mentega kah? Tekstur nasiku jd lembek aneh?? untuk bumbu okeh lah
Ria Ayu Oktavia;146 ;10 bulan lalu;Tempatnya seru karena ada live music nya sekitar jam 7 malam sampau jam 10an. Tersedia makanan berat sampe makanan ringan dan tempatnya ada yang outdoor dan indoor.
Ria Ayu Oktavia;146 ;10 bulan lalu;Tempatnya seru karena ada live music nya sekitar jam 7 malam sampau jam 10an. Tersedia makanan berat sampe makanan ringan dan tempatnya ada yang outdoor dan indoor.
cory maharani;215 ;6 bulan lalu;Sebenernya tempatnya artistik, tapi pas dateng lagi rame jadi nggak bisa terlalu nikmatin.
cory maharani;215 ;6 bulan lalu;Makanan minuman overall enak
cory maharani;215 ;6 bulan lalu;pelayanan juga cepat.
Cahya Dwi Putrisari;634 ;setahun lalu;Pelananan prima
Cahya Dwi Putrisari;634 ;setahun lalu;makanan enak
Cahya Dwi Putrisari;634 ;setahun lalu;parkir luas (bayar Rp 8.000) Sering penuh tempatnya.
Eva Jayanti;25 ;2 bulan lalu;Tempat yg enak buat nongki sama temen2, buat ngobrolin bisnis jg enak
Eva Jayanti;25 ;2 bulan lalu;Untuk minuman.nya sama makanan.nya lumayan sih, dengan harga segitu
Izza Dinalhaque Pranatasari;107 ;6 bulan lalu;dari segi tempat nyamann…
Izza Dinalhaque Pranatasari;107 ;6 bulan lalu;kopi nyaa okee laaah! sampe nambah take away untuk cold white nya!
Zulfiqar Fadhil Lubis;215 ;3 bulan lalu;Tempat yg baik untuk menjadi tempat bertemu dengan teman, kolega dan keluarga
Zulfiqar Fadhil Lubis;215 ;3 bulan lalu;Minuman special adalah kopi cold brew .Juga menyediakan makanan kecil dan makanan berat
Zulfiqar Fadhil Lubis;215 ;3 bulan lalu;Harga masuk akal
Annisa Erafiarti;79 ;setahun lalu;Karena diajak teman, hanya beli menu varian teh disini hasil rekomendasi dari pelayan, namun rasanya kurang masuk di selera
Annisa Erafiarti;79 ;setahun lalu; namun ada live music jadi tidak disarankan untuk mengobrol dengan tenang.
Annisa Erafiarti;79 ;setahun lalu;Ambience cafe cukup modern
Anisyah Nurwulan Sari;26 ;3 bulan lalu;Good place untuk nongkrong bareng temen². Vibesnya red-black bagus sih. Love this ambience.
Anisyah Nurwulan Sari;26 ;3 bulan lalu;Kopinya enak, pas sih . Dan camilan2 snacknya juga oke sih
Anisyah Nurwulan Sari;26 ;3 bulan lalu;cuma yg onion ringnya agak oily.
Nguyen Steve;545 ;3 bulan lalu;Tempatnya oke dan ada indoor dan outdoornya. Cocok sekali untuk tempat meeting atau sekedar nongkrong
Nguyen Steve;545 ;3 bulan lalu;Minuman dan makanannya enak
Nguyen Steve;545 ;3 bulan lalu;Namun untuk pelayanan khususnya di lantai dua kurang sekali, hanya ada satu pegawai yang melayani di lantai dua.
barkha multimedia;194 ;4 bulan lalu;Cozy, buat nongkrong anak muda wil sby barat
barkha multimedia;194 ;4 bulan lalu;cuman harga nya aja yg mahal
barkha multimedia;194 ;4 bulan lalu;menu sdkit krg fariatif..saran kasih live music lah......hehehhe
Celine Christina;30 ;sebulan lalu;Kafe kopi indonesia di area dekat PTC Mall. Menyajikan beberapa biji kopi single origin dari wilayah indonesia.Lokasi dekat dengan jalan utama, cukup mudah dijangkau. Area parkiran luas (bisa didepan atau didalam area komplek). Terdapat area merokok di lantai dasar & atas.
Celine Christina;30 ;sebulan lalu;Kopi gayo manual brew dg V60 cukup enak. Penyajian juga oke. 
Celine Christina;30 ;sebulan lalu; Pelayanan juga cukup ramah (bisa diskusi dg barista terkait kopi & aneka info tanamera)..
Celine Christina;30 ;sebulan lalu;Suasana kafe dominan modern & cozy.
Jairus Robert;237 ;2 bulan lalu;Kopinya dan tempatnya enak dan nyaman
Jairus Robert;237 ;2 bulan lalu;staffnya kurang profesional, ga ramah & ga proaktif ngasih rekomendasi buat saya dan keluarga yg baru pertama dateng kesini.Makanan persennya salmon (lupa nama komplitnya), terus keluarnya Big Breakfast. Begitu dikomplain, staffnya baper dan langsung ga ramah.
Jairus Robert;237 ;2 bulan lalu; Rasanya juga ga begitu enak.
Jairus Robert;237 ;2 bulan lalu;Saran: beri nota konfirmasi setelah memesan seperti di resto/kafe lainnya, supaya tercatat dan bisa konfirmasi pesanan kita apa saja supaya ga salah.
Arif Farrah;79 ;setahun lalu;Bangunannya unik, suka sekali. Tempatnya juga nyaman, apalagi yang di lantai 2. Jumat malam ada live music, ngga tau kalo weekday apakah juga ada.
Arif Farrah;79 ;setahun lalu; Beveragesnya harganya terjangkau, saya pesen coklat cuma 30rb dan cold white brew 28rb. Snack dan main coursenya harganya lumayan sih, pesen french fries sekitar 40rb harganya, rasanya oke lah sepadan sama harga.
Arif Farrah;79 ;setahun lalu;Yg recommended memang cold brew caramel sih, the best
wachid;34 ;3 tahun lalu;Tempat nya cozy dan nyaman.
wachid;34 ;3 tahun lalu;Lokasi nya juga strategis, tentu menu andalan nya adalah kopi nya.
Andhika Godwin;46 ;setahun lalu;Suasana yang cozy banget buat nongkrong sama temen, pacar ataupun keluarga.
Andhika Godwin;46 ;setahun lalu;Ciri khas bangunan dengan warna abu-abu + merah membuat tanamera coffee menjadi lebih autentik dan lebih mempunyai ciri khas. Setiap spot menurut ku bagus untuk photo. Siang ataupun malam menurut ku ngopi di sini tetep nyaman kok. Selamat mencoba :)
Andhika Godwin;46 ;setahun lalu;Untuk harga start from 20k baik makanan dan minuman. 
Andhika Godwin;46 ;setahun lalu;Kali ini aku coba cold white coffee. Kemasan nya uda botolan gtu, dan di kasih ice. Untuk rasa oke lah. Tapi buat aku yang pecinta kopi rasanya sedikit kemanisan, dan kalian mungkin bisa mencoba kopi lain yang lebih strong. Untuk makanan so far is good, banyak cemilan dan makanan berat yang di sediakan di sini. 
Lita Haq;100 ;3 tahun lalu;Parkiran sangat luas, tempatnya juga cukup luas, great ambience
Lita Haq;100 ;3 tahun lalu; beberapa baristanya very friendly and comunicative
Lita Haq;100 ;3 tahun lalu;Tidak usah diragukan lagi lah kalau kopinya. Sayangnya saat kesana si cold white caramelnya pas habis.
Edward official;119 ;3 tahun lalu;Tempatnya cozy, enak buat nongkrong sama temen-temen.Bangunannya unik.Ada dua lantai, aku sih demen di lantai 2.
Edward official;119 ;3 tahun lalu;Coffeenya oke terutama cold white, but karena udah ga bisa minum yg terlalu caffeine sekarang jadi pesen chamomile tea.
Edward official;119 ;3 tahun lalu;Biasa d hari weekend rame terutama sore hari.
adinda meidina;72 ;3 tahun lalu;Tanamera Graha, Kalaug ga rame, tempat ini asik bgt buat nongkrong. Tempatnya nyaman dan ada lantai 2 nya.
adinda meidina;72 ;3 tahun lalu;Cold brew coconut nya lumayan 3 dr 5.Ada makanan berat juga dan enak kok.Daftar menunya ada dibawah jika perlu.
summerain;194 ;3 tahun lalu;Pertama kali coba kesini kemaren malam, Sabtu malam, padahal sebenernya terkenal karena tempatnya bakalan nyaman dibuat nongkrong sore-sore menjelang sunset karena simply view dan tempatnya se pewe itu aja. Tapi ternyata saat malam juga cukup nyaman, penerangannya ngga singup2 amat, tapi ngga terang-terang amat, masih batas zona nyaman lah ya. Terus juga ada live music nya, ngga tau ini khusu sabtu malam/weekend aja atau emang setiap malem ada. 
summerain;194 ;3 tahun lalu; Untuk harganya juga masih manusiawi untuk ukuran cafe di Surabaya, untuk minum sekitar 30-45k an kayaknya nya, 
summerain;194 ;3 tahun lalu; aku pesan Ice Green tea latte, 35k exclude ppn 10% dan service tax 5%, enaaaak tapi sedikit kemanisan buatku, tapi mungkin kalo buat orang lain ngga ya.
Octaveani Tiono;796 ;2 tahun lalu;Tempatnya oke juga sih
Octaveani Tiono;796 ;2 tahun lalu;kopi dan makanan juga oke lah
Octaveani Tiono;796 ;2 tahun lalu; cuman perlu diperbaiki dari sdm nya baik bagian luar dan bagian dapur. Pesanan datang tidak sesuai, tetapi beberapa saat kemudian keluar orderan yang sebenarnya.
Octaveani Tiono;796 ;2 tahun lalu; Harga juga kurang sesuai dengan servicenya.
Marisa Irene Lee;31 ;3 tahun lalu;Lokasinya strategis,  parkir mudah,  tempatnya nyaman,  ada indoor dan outdoor.  
Marisa Irene Lee;31 ;3 tahun lalu;  Menunya beraneka ragam mulai dari salad,  soup,  steak,  sandwich,  desert dan tentu saja kopi. 
Marisa Irene Lee;31 ;3 tahun lalu; Cocok intuk nongkrong menikmati me time maupun gathering beraama teman dan keluarga.
Marisa Irene Lee;31 ;3 tahun lalu;Pelayanan ramah.
Novita Dewi Savitri;45 ;2 tahun lalu;Suasananya cozzy buanget. Pas banget tempatnya
Novita Dewi Savitri;45 ;2 tahun lalu;pelayannya baik
Novita Dewi Savitri;45 ;2 tahun lalu;Kopinya juara. makanannya enak
Richard Dharyanto;625 ;3 tahun lalu;Hot cappuccino oke, tapi untuk cold brewnya kurang suka.
Richard Dharyanto;625 ;3 tahun lalu;Tempatnya cozy banget, enak banget buat nongkrong2..
Richard Dharyanto;625 ;3 tahun lalu;Harganya pricey nih ??
Maria Sugiono;70 ;3 tahun lalu;Authentic taste of coffee ... rasa asli kopi sesungguhnya .. 
Maria Sugiono;70 ;3 tahun lalu;dekorasi dan suasana yang mendukung buat orang ingin nenikmati kopi ... ada non smoking area ... ada smoking area ... ada meeting room ...
Efendy Pepen;13 ;5 bulan lalu;tempat yang cukup nyaman untuk sekedar menghabiskan waktu bersama teman atau keluarga. 
Efendy Pepen;13 ;5 bulan lalu;kopinya enak dan tidak asal asalan.
FS;621 ;2 tahun lalu;Tempat nongki n ngopi yang rame dengan suasana ????????
jie nug;65 ;3 tahun lalu;harga makanan dan minuman terjangkau
jie nug;65 ;3 tahun lalu;tempat nyaman terdapat outdoor dan indoor
jie nug;65 ;3 tahun lalu; pelayanan ramah sekali?? 
jie nug;65 ;3 tahun lalu;makanan dan minuman enaakkk??
Theo Napitupulu;265 ;10 bulan lalu;Harga: pricey
Theo Napitupulu;265 ;10 bulan lalu;Menu: Makanan barat plus indonesia. Sop buntut hingga cireng ada di sini. Beragam pilihan kopi, teh, dan minuman lainnya.
alfons hartono;458 ;5 bulan lalu;saya pilih tangerine americano. Segeeeeeeeer setelah kepanasan di surabaya ??
Fina Zakiyah;93 ;4 bulan lalu;"Tempatnya lux dan cukup bagus apalagi yg disuguhkan kopi indonesia.  Membuat nilai kopi indonesia ""naik kelas""."
Fina Zakiyah;93 ;4 bulan lalu;"Sayangnya pelayanannya tdk mencerminkan ke""indonesia""nya. Saran saja kedepannya pelayanannya pun bisa lebih ramah seterkenal keramahan indonesia didunia luar walaupun customer akhirnya hanya pesan teh panas saja (dan itupun disajikan tidak disajikan panas) ."
paula listyana;15 ;3 tahun lalu;Terkenal karena kopinya, namun pada saat saya minum kopinya sangat terasa seperti kebanyakan air alias tidak enak. Saya datang tanggal 2 April, kopi ini dibuat tanggal 31 Maret, dan dalam waktu 2 hari rasanya berubah sehingga tidak terasa kopinya. Ini kunjungan yang terakhir bagi saya.
Rovindo Nanda Saputro;94 ;2 bulan lalu;tapi sayang kadang nyetel musiknya kekencengan ??
Rovindo Nanda Saputro;94 ;2 bulan lalu;Enak
Lavi Tantynova;49 ;2 tahun lalu;Tempat ngopi yang sekompleks dengan Holy Wings, Carls Junior, Bakmi GM, Pizza e Birra, Bon Cafe dan Le Gourmand. Cafe-nya modern,  maskulin gaya besi H Beam terekspose.
Mellissa Liu;155 ;setahun lalu;Anda jika ingin ke Tanamera dengan roda 4 dapat parkir kendaraan diluar maupun didalam, jika didalam masuk lewat Ranch Market. Untuk roda 2 bisa melalui belakang akses masuk ke Fairground. Untuk masuk kedalam Tanamera ada 2 pintu dari depan maupun belakang., terdapat kursi makan untuk anak kecil jika Anda bersama anak kecil ruang outdoor ada di lantai 1 maupun lantai 2.
Mellissa Liu;155 ;setahun lalu;Untuk harga kopi tidak terlalu mahal
Mellissa Liu;155 ;setahun lalu;Untuk cita rasa kopi sangat enak, cocok untuk berkumpul dengan teman, serta keluarga, cita rasa sangat berkualitas terdapat juga sop buntut maupun pasta.
Indah Ayu;24 ;4 bulan lalu;Tempat ngopi yang tenang
Indah Ayu;24 ;4 bulan lalu;kopinya enak,makanannya juga enak
Indah Ayu;24 ;4 bulan lalu;pegawainya ramah-ramah,bahkan tanpa diminta pun menawari untuk memfoto.
Dyfan Alvin;145 ;6 bulan lalu;Outdoor nya banyak lalat
Dyfan Alvin;145 ;6 bulan lalu; food & drinks ya ok
Satria Budi Prasetyo;48 ;3 tahun lalu;Walau bukan pecinta kopi.. nyobain best seller nya cold white coconut coffee nya lumayan seger.. krasa milk nya..
Zulia Abdul;74 ;3 tahun lalu; Rasa makanannya biasa aja. Pesen bolognese hambar sekali
Zulia Abdul;74 ;3 tahun lalu;Kopinya enak
Alvin Agung;117 ;10 bulan lalu;Suasananya oke
Alvin Agung;117 ;10 bulan lalu; kopinya mantap...??
Dekky Tanoyo;283 ;setahun lalu;kopi disini dijamin enak dan betah
Dekky Tanoyo;283 ;setahun lalu;Tempat yang nyaman buat kumpul bareng teman maupun keluarga
Ardy Kurniawan Parjono (Jono);32 ;sebulan lalu;Great coffee! Banyak pilihan untuk coffee nya, ada yg strong maupun mild. Ada single origin juga. Harga berkisar 30-50rb rupiah utk minumannya
wiwid widya;67 ;11 bulan lalu;Live musicnya jg keren sih. Recommended
wiwid widya;67 ;11 bulan lalu;Makanan enak2 apalg kopinya.
Yosia Raka;78 ;3 tahun lalu;Love the food and drinks, not only western but the indinesian such as tape goreng dan pisang goreng juga enakkkk
Violitta Irwan;140 ;3 tahun lalu;Cozy and good vibes, asik buat nongkrong bahas masalah receh sampai mikirin negara. Coba aja ??
Violitta Irwan;140 ;3 tahun lalu;Cuaca emang baru dingin, pengen cold brew juga pastinyaaa. Tapi sebenernya badan butuh yang anget anget. Lalu muncullah inovasi baru dari red back yang ciamik ini. Cold white gingger ?? pertama kali jujur takut ga doyan, lahhh setelah nyobain jadi jatuh cinta. Menu wajib setelah ini, terbaekkkk ?????? flat white nya juga oke.
Tunru Marcella;42 ;setahun lalu;Tempat ngopi yg seru.
Tunru Marcella;42 ;setahun lalu;Single originnya tasteful. Tehnya bervariasi, makanan macam2x,
Tunru Marcella;42 ;setahun lalu;Pelayan ramah. 
Tunru Marcella;42 ;setahun lalu;Harga pricy but worth it.
Nurul Widiaz;16 ;sebulan lalu;Makanan dan kopinya enak. Pesan breakfast free kopi.
Nurul Widiaz;16 ;sebulan lalu; suasana nyaman.
Rizki Wibowo;15 ;2 tahun lalu;Buat hang out aja. Jangan harapkan terlalu banyak terhadap rasa makanannya.
Kirana Aja;34 ;setahun lalu;"kalau sdh duduk minum kopinya jadi lupa berdiri
kalau sdh mau pergi dari tempat ini malas bayarnya .. why who when what how ????"
Dina Adrianingtiyas;62 ;3 tahun lalu;Trima kasih santoso and family..atas segalanya..suasana jg pelayananya bagus..
Bon News;34 ;4 bulan lalu;Tempat yang nyaman, tenang, adem (karena subaya panas??) buat meet up.. ????
Erfan Firozi;837 ;setahun lalu;harga middle high
Erfan Firozi;837 ;setahun lalu;Sangat cozy dan tenang, cocok untuk ngobrol san mengerjakan tugas
Usgar Widjaya;1 ;8 bulan lalu;Dulu cuma bisa beli online biji kopi dari Tanamera Jakarta. Alhamdulillah sekarang bisa langsung sruput seduhan dari Tanamera
nurkamalia said;88 ;2 tahun lalu;pelayanan ramah
nurkamalia said;88 ;2 tahun lalu;TIDAK nugas friendly (berlaptop, minim colokan), tampias hujan lumayan basah
Sepdhyo Wahyu;408 ;setahun lalu;Kopi oke 
Sepdhyo Wahyu;408 ;setahun lalu;"Barista nya juga keren"" , Waiter nya juga sopan , pelayanan nya sangat bagus "
Sepdhyo Wahyu;408 ;setahun lalu;Untuk makanan Harga kurang sesuai sama rasa menurut saya , mohon ditingkatkan kembali ??
Afif Yulianto;27 ;11 bulan lalu;"Pertama kali datang Tanamera sini. Sebelumnya biasa ke Tanamera Jembatan Merah.
Yang disini suasananya asik terutama yang di atas dengan view langsung jalan utama."
Ksatria Cipta;14 ;10 bulan lalu; semi outdoor teras nya juga keren, walau hujan bisa tetap nyaman dengan ada penutupnya. Interior maupun eksteriornya juga Aesthetic buat foto-foto. Keren!!
Ksatria Cipta;14 ;10 bulan lalu;Salah satu tempat nongkrong dengan makanan dan minuman berkualitas terbaik
Michael Zhang;4 ;7 bulan lalu;makanannya wajib coba yang chicken wings sama calamary itu enak banget! Enakkkkk banget!
Michael Zhang;4 ;7 bulan lalu;WOW! Suka banget tempat yang cozy banget 
Roni Roni;459 ;setahun lalu; tempatnya juga nyaman buat nongkrong
Roni Roni;459 ;setahun lalu;Makanannya enak,
Ellen Anatasia;67 ;8 bulan lalu;tempat nongkrong kece dengan spot2 foto dan staff yg ramah
Ayu candra dewi;26 ;3 tahun lalu;Mantap kopi nya, kalo mau menikmati kopi enak di sini tempatnya,
andien riansyah;51 ;3 tahun lalu;Coffee? Moka nya enak
andien riansyah;51 ;3 tahun lalu;Nice ambience. Tempat nyaman utk bekerja atau nongkrong. Suara, interior, dan pencahayaan cozy.
adinda prisca;12 ;3 tahun lalu;Pecinta kopi pasti tau kualitasnya tanamerah. Cocok untuk melarikan diri dari kantor.
Baktya Drestanto Kosala;254 ;3 tahun lalu;ACnya dingin. Tempat nyaman & buka sampai malam. Overall worth it.
SaiviaS;14 ;2 tahun lalu;Menunya enak2 
SaiviaS;14 ;2 tahun lalu;cm syg pelayanannya agak lama..  
Niken Ayu Alfian;24 ;2 tahun lalu;Tempatnya enak
Niken Ayu Alfian;24 ;2 tahun lalu; kopi juga Enak...
Richard Ferdinand;91 ;5 bulan lalu;Tempatnya asik dan bagus
Richard Ferdinand;91 ;5 bulan lalu;rasa kopi nya yg kurang enak
Dok_Spy Gembuls;78 ;3 bulan lalu;Kopi white nya enak TOP.. pisang gorengnya tawar walau udah di kasih gula halus..
Pri Heng;288 ;setahun lalu;Tempat kumpul remaja & ortu bisa disini, suasana okey banget
Wahyudi Kusuma;194 ;3 tahun lalu;harganya premium.
Wahyudi Kusuma;194 ;3 tahun lalu;Makanannya enak
Rivian Ramadhian;173 ;3 tahun lalu;Nice place
Rivian Ramadhian;173 ;3 tahun lalu;enak sajian menunya
Nucke Indrawan;15 ;4 bulan lalu;Tempatnya nyaman 
Nucke Indrawan;15 ;4 bulan lalu;makannan ok
Icha Annastasia;491 ;10 bulan lalu;Indoor nya gede,  outdoor yg kapasitasnya kecil. Enaknya ngopi sambil liat parkiran mbl.
Neeture natural care Life Style;24 ;3 bulan lalu;Tempat nyaman
Neeture natural care Life Style;24 ;3 bulan lalu; makanan lumayan dan minumannya bervariasi..
Alvin Yap;2 ;3 tahun lalu;Enak
Alvin Yap;2 ;3 tahun lalu;tapi mahal.
Alvin Yap;2 ;3 tahun lalu; ada smoking area, ada dua lantai.Waktu ke sini hujan, pernah bocor tapi :(
Alvin Yap;2 ;3 tahun lalu;Tempatnya cozy
Marcello Wibowo;274 ;7 bulan lalu;Lahan parkir sangat tersedia. Interiornya bagus dan nyaman. Cocok untuk anak muda yang mau nongkrong sama teman. Tersedia area outdoor maupun indoor dan juga menyediakan room yang bisa digunakan untuk meeting/event dinner.
Marcello Wibowo;274 ;7 bulan lalu;Pelayanan baik dan cepat. 
Marcello Wibowo;274 ;7 bulan lalu;Rasa makanan dan minumannya juga enak-enak.
Henry Ricardo Handoyo;181 ;setahun lalu;Cold white nya enak. Cocok dinikmati sore-sore sambil melihat pemandangan macet.
Sapriyan Syah;126 ;2 tahun lalu;Comfy, cozy, clean and pretty cold juga i think.
Sapriyan Syah;126 ;2 tahun lalu;Untuk price, lumayan menengah ke atas utk foodnya but worth bcause disini bikin betah, kalau drinks masih normal harga cafe rata-rata. 
Sapriyan Syah;126 ;2 tahun lalu; Ada live music jg kalau malam, walaupun hari biasa. One of recommended & instagramable (kalo siang ya, kalo malem gelap sih) cafe in Surabaya.
Martha Oliviani;129 ;2 tahun lalu;Enak tempatnya buat ngopi.. ngerjain tugas..
Martha Oliviani;129 ;2 tahun lalu; makanannya enak..
Martha Oliviani;129 ;2 tahun lalu; harganya lumayan sih
Dela Rosita;48 ;2 tahun lalu;Kopi nya juara…
Dela Rosita;48 ;2 tahun lalu;Tempatnya nyaman cozy ...
yuanita chandra;432 ;2 tahun lalu;kopi tubruk & pisang gorengnya mantab. 
yuanita chandra;432 ;2 tahun lalu; tempat duduk outdoor cozy dan atmosfir nyaman..
yuanita chandra;432 ;2 tahun lalu;bbrp kali dateng pqs wiken, ada live band di ruang outdoor bawah..
bagas krian;9 ;2 tahun lalu;Tempatnya bagus dan one of a kind.
bagas krian;9 ;2 tahun lalu; Tetapi yang menjadi kurang adalah minumannya. Saya pesan ice chocolatte dan sangat hambar. Memang rasa coklatnya sangat terasa tetapi ketika saya coba tidak ada manis2nya sama sekali. Dan tidak ada booth untuk menambah gula layaknya coffee shop ternama. Dont be cheap to your customer, or your customer wont comeback there.
Johan Chandra;94 ;setahun lalu;Ambience-nya bagus karena di lokasinya banyak pohon-pohon dan hijau. Dari luar arsitekturnya bagus sih, tapi interiornya biasa saja.Kalau parkirnya masuk ke dalam parkiran lumayan kena uang parkir 5ribu. Mending parkir di luarnya yang deket jalan.
Johan Chandra;94 ;setahun lalu; Kopinya enak yang cold white with caramel
Johan Chandra;94 ;setahun lalu;tapi mahal 50rb sebotolnya.
I. Y. Maureen;61 ;setahun lalu;Tempatnya luas dan cozy.
I. Y. Maureen;61 ;setahun lalu;Vanilla latte nya dabest
I. Y. Maureen;61 ;setahun lalu;Staffnya ramah.
I. Y. Maureen;61 ;setahun lalu;Ada live musicnya setiap sore menjelang malem.Letaknya di Surabaya barat, sebelah Aiola dan graha Fairground.
Ivan Ghazyan Permana;70 ;3 tahun lalu;Kopi enak, menu variatif
Ivan Ghazyan Permana;70 ;3 tahun lalu; harga lumayan
Ivan Ghazyan Permana;70 ;3 tahun lalu;Tempat nya jg insragramable
Vania Anjani;317 ;2 tahun lalu;Emang cepat cr mencuci mobil..cuma air di sela2 spion, karet, plat nomer..dll..msh kluar air nya mohon diseprot sm kompresro..thex
Ldtndn;537 ;2 tahun lalu;Enak buat nongkrong bersama teman atau berduaan dengan mantan
henry berto;16 ;2 tahun lalu;pelayanan bisa lebih ramah lagi.
henry berto;16 ;2 tahun lalu;Sebuah pilihan kedai kopi dengan suasana elegan namun tetap kekinian, dan dengan cita rasa kopi yang khas. Terdapat pilihan dalam dan luar ruangan dan dengan iringan musik berkualitas di hari-hari tertentu sehingga menambah romantis malam anda. Kekurangannya, suasana agak berisik
andika rizky;9 ;setahun lalu;desain yg keren....cocok utk foto2...cocok utk cangkruk coffee n food yg okyg penting 24jam open, no worries bagi orang orang yg tdk bisa tidur malam, silahkan kesiniparkir mobil banyakkkkk.....posisi sebelah ranch market graha famili persissssssukses yo boss atas openning restonya.....
Febrian Issana;184 ;3 tahun lalu;Tempat nongkrong yang asik dan enak buat kumpul sama temen atau sahabat
Bagus Adimas Prasetio;550 ;3 tahun lalu;T4 nya keren..makanannya boleh juga
poul harr;436 ;3 tahun lalu;karyawan blm makan kynya di tanya tidak tau apa2
poul harr;436 ;3 tahun lalu;Kopinya enak
Aldo YRS;95 ;2 tahun lalu;Pelayanan buruk sekali, pegawai tidak ramah, saya sudah duduk dikursi disuru pindah atau ganti dengan kursi lain, tidak etis, pelayanan payah
Syaiful Akhyar Laitupa;69 ;setahun lalu;kopinya boleh juga
Syaiful Akhyar Laitupa;69 ;setahun lalu;Suasananya nyaman.
yeoebe;124 ;7 bulan lalu;Nyaman buat sekedar ngobrol santai...
Alezio Alessandro;2 ;8 bulan lalu;Tempat sudah bagus, lantai atas smooking area kalau siang lumayan panas…
Alezio Alessandro;2 ;8 bulan lalu;Kopi enak
Alezio Alessandro;2 ;8 bulan lalu;pelayanan super lama!Ps: saya nunggu 30 menit buat pesen kopi, dan akhirnya harus turun pesen sendiri ??
Agus Soegito;520 ;3 tahun lalu;Kopinya enak, makanan enak
Agus Soegito;520 ;3 tahun lalu;tempatnya juga bagus
Agus Soegito;520 ;3 tahun lalu;pelayanannya kurang bagus terkesan pegawainya agak sombong dan kurang care thd pelanggan
Muhamad Anzja Chabbani Ista'la;203 ;setahun lalu;Tempatnyaa super duper oke dan nyaman.. Rekomen untuk didatangi kalo ke Surabaya...
Kevin Siregar;2 ;3 tahun lalu;tempat ngopi yg hits. desain minimalis unik, suasana santai.. black and red jadi logo dominan dalam interiornya. instagramable yes.
Kevin Siregar;2 ;3 tahun lalu;makanan lumayan enak. the best cool coffe. 
Roy Pattia;195 ;setahun lalu;Merah hitam selalu jadi ciri khas Tanamera. 
Roy Pattia;195 ;setahun lalu; Semua menu coffee disajikan tanpa gula, jadi bisa minta tambahan simple syrup jika ingin lebih manis. Makanan semua favorit, tapi porsinta tidak terlalu besar untuk saya
Bre Ikrajendra;10 ;3 tahun lalu;Makanan nya enak
Bre Ikrajendra;10 ;3 tahun lalu; harga nya juga ga terlalu mahal
Bre Ikrajendra;10 ;3 tahun lalu;tempat nya juga enak kok
Bre Ikrajendra;10 ;3 tahun lalu; kalau ramai pelayanan nya agak lama.
Delvi Christ;96 ;3 tahun lalu;Lokasi nyaman untuk ngobrol, baik indoor maupun outdoor. 
Delvi Christ;96 ;3 tahun lalu;Pelayanan cepat dan tanggap
Delvi Christ;96 ;3 tahun lalu; harga standar
Delvi Christ;96 ;3 tahun lalu;sajian kopi cukup nikmat. Terdapat beberapa varian biji kopi yang bisa diseduh manual.
Gunadi Kr;1.100 ;3 tahun lalu; harganya juga tidak terlalu mahal.
Gunadi Kr;1.100 ;3 tahun lalu;Memang hasil tidak pernah mengkhianati proses, jerih payah roaster John membina petani kopi menghasilkan kopi enak yang bisa dinikmati disini. Menu makanan juga beragam dan rasanya enak 
Adrian Ravi;14 ;setahun lalu;"Model bangunannya unik, tp dalemnya biasa aja.
Lokasi dipinggir jln besar."
Adrian Ravi;14 ;setahun lalu;F&b harganya agak mahal.
Angga Hendrawan;75 ;3 tahun lalu;Bagus dan sesuai sih sm viewnya dapet bngt
Angga Hendrawan;75 ;3 tahun lalu; cuma ada yg ga worthit harga dn makanannya, agak nyesel dong.. buat pelajaran aja??
Budhi Suharianto;40 ;3 tahun lalu;Ok tempat nongkrongan kolega/rekan kerja, parkiran luas, toilet kotor tdk bersih,rasa cold brewnya biasa ruangan ac tdk dingin
NTV;31 ;setahun lalu;Coffee not bad, belum nyobain semua sih ??, seneng sama snacknya, aku pesen waktu itu veggie spring roll, ada garnisnya kayak salad, enak fresh clean di tenggorokan
Bian Adj Oktavia;45 ;setahun lalu;Kopinya enak.. 
Bian Adj Oktavia;45 ;setahun lalu;tp sayang toilet nya kotor sekali.  Padahal tax service nya gede disini. Ga worth it sih. Smoga ditingkatkan lagi kebersihan nya.
Bian Adj Oktavia;45 ;setahun lalu; Pelayanan staff nya juga sangat amat kurang baik.
Yudie Musniarto;57 ;2 tahun lalu;Makanan enak
Yudie Musniarto;57 ;2 tahun lalu;nuansa cakep
Yudie Musniarto;57 ;2 tahun lalu;pelayanan oke
Yudie Musniarto;57 ;2 tahun lalu;Harga cukup pricy.
ely virgijanti;127 ;3 tahun lalu;nyaman banget, ada live musicnya, menu okay juga taste nya! sayang lupa fotoin, next time pasti balik lagi :D:D:D:D:D
sera vinz;7 ;2 tahun lalu;Kopi sangat berkualitas,
sera vinz;7 ;2 tahun lalu;harga sama seperti starbucks namun kualitasnya jauh diatas
sera vinz;7 ;2 tahun lalu;tempat sangat bagus dan nyaman
sera vinz;7 ;2 tahun lalu; keramahan staff perlu ditingkatkan.
Puguh & Tista Susetiyo;171 ;setahun lalu;Cold brew rasanya hambar. Snacks juga biasa aja. Sop buntut nya ok.
Jojo Mailbox;95 ;setahun lalu;Tempat nyaman , sangat  santai dan untuk ngobrol santai sambil minum atau ngopi.
Haidar Ali;23 ;3 tahun lalu;Makanan enak, kopi mantap
Haidar Ali;23 ;3 tahun lalu;Tempat nongkrong asik di surabaya Barat.
Dhanang Wahana;359 ;11 bulan lalu;Minumannya oke
Dhanang Wahana;359 ;11 bulan lalu;harga terjangkau
Dhanang Wahana;359 ;11 bulan lalu; enak buat bareng sama teman-teman. Ada wifinya temapatnya luas dan nyaman.
Dhanang Wahana;359 ;11 bulan lalu;Pelayanannya baik dan cepat
winarto Winarto;39 ;10 bulan lalu;Tempatnya oke, cozy
winarto Winarto;39 ;10 bulan lalu;Cuma untuk musicnya mungkin harusnya lebih fokus ke ambience music biar bisa lebih menikmati tempatnya sambil ngobrol
Jemmy Gojali;160 ;11 bulan lalu;Good place.  Bersih dan nyaman. 
Jemmy Gojali;160 ;11 bulan lalu; Pelayanan ramah.
Jemmy Gojali;160 ;11 bulan lalu; Cold brew nya recommended, kalau suka manis bisa cold white dengan tambahan susu. Nice.
Luciana Setianto;29 ;3 tahun lalu;Saya suka white cold brew coconutnya
Pronto Devusca;61 ;2 tahun lalu;Ternyata ada menu bakso di sini, dan rasanya cukup enak ??
Wahyu prabowo;15 ;3 tahun lalu; Cold white is one of the best. 
Wahyu prabowo;15 ;3 tahun lalu;Cold white is one of the best. 
Michelle Elfreda Juangta;145 ;3 tahun lalu;F&B secara rasa oke
Michelle Elfreda Juangta;145 ;3 tahun lalu;tapi pelayanan dan staf angin anginan ada yang baik tapi ada juga yang dari awal uda merengut mukanya kayak kebanyakan utang dan melayani serta respon asal asalan, tolong diperbaiki lah sayang banget tempat premium kog kesannya medioker
Kartikasari Gunawan;91 ;8 bulan lalu;Keren si tapi harga to expensive
Kartikasari Gunawan;91 ;8 bulan lalu;kopi nya lumayan house blend nya kerasa
Rudolf Christian;33 ;setahun lalu;tempat utk nongkrong yg nyaman dan strtegis
Rudolf Christian;33 ;setahun lalu; menu minum, kudapan, makana yg byk pilihannya top markotop ??????
Alexander Wirapraja;71 ;3 tahun lalu;Tempat nyaman
Alexander Wirapraja;71 ;3 tahun lalu;pelayanan sangat memuaskan
Jason Danny Rumambi;14 ;10 bulan lalu;Tempatnya asik..
Jason Danny Rumambi;14 ;10 bulan lalu; kopinya mantapp ??????
Supono Supono;196 ;setahun lalu;Best coffee shop for true coffee lover. Bukan kaleng-kaleng.????????
monic then;4 ;setahun lalu;Pertama kali kegerai ini coba: piccolo....bisa diterima
Alfa Bestala;27 ;2 tahun lalu;Tempat dan suasananya cozy bnget enak buat nongkrong sama teman teman /keluarga,
Arya Maulana Pradana;80 ;3 tahun lalu;ambience nya enak, ada live music
Arya Maulana Pradana;80 ;3 tahun lalu; minuman dan makanan juga enak. cold brew nya enakk banget.
Inge Sidharta;176 ;setahun lalu;Tempat cozy. 
Inge Sidharta;176 ;setahun lalu; Makanan lumayanlah.
Inge Sidharta;176 ;setahun lalu;"Time serving nya agak lama.
Pelayanan oke.
Bisa ditingkatkan lagi ????"
Untung Priyono;16 ;setahun lalu;kopinya enak ????
Untung Priyono;16 ;setahun lalu;Tempat nongkrong asyik di surabaya barat, konsep unik serba merah 
Ivan Christian;6 ;setahun lalu;Tempatnya chill bngt.  pas ksna ada live musik juga.  jadi ngopinya lebih nikmat
Ivan Christian;6 ;setahun lalu;pelayananya juga bagus. 
citra chandoko;50 ;2 tahun lalu;Tempat lumayan nyaman, klo siang udara agak panas. Terutama di lantai atas..
Fahry Akbar;208 ;setahun lalu;tempat,nya nyaman untuk kongkoy..nongkrong,,,tempat,nya sejuk di sekitarya banyak pepohonan...! nyaman lah buat kaula muda nongkrong
dwi mahendra saputra;45 ;setahun lalu;Tempat yg nyaman dan aman
dwi mahendra saputra;45 ;setahun lalu;harga terjangkau
dwi mahendra saputra;45 ;setahun lalu;lokasi tengah kota surabaya, area parkir yg luas dan aman,dkt dgn mall2 besar,
Liang Hartono;440 ;setahun lalu;Kopi nya bukan fave Saya... Kalo ga kepaitan, kemanisan. Cuma snack & makanan nya okelah...
Bos Sisto;56 ;2 tahun lalu;Tempat buat kongkow yg nyaman,. 
Bos Sisto;56 ;2 tahun lalu;Tp buat sambil kerja kurang mendukung, terlau ramai, yg di lt 2.colokan listrik tdk ada
Dwi Alghazali 082234140664;128 ;3 tahun lalu;Tempat ok, cmn berisik karena tempat lumayan kecil, live music oke cmn kadang nda kedengaran karena banyak yang ngobrol
Nita Indriani;842 ;2 tahun lalu;"Tempat  nongkrong makan makan santai
Masakan cina,Korea,seafood dan toilet dijamin kebersihannya.."
Putra Raya;448 ;2 tahun lalu;Bisa buat nongkrong sampai malam
Putra Raya;448 ;2 tahun lalu;kopinya enak
William Gunawan;44 ;3 tahun lalu;Makanan kurang enak dibanding harga
William Gunawan;44 ;3 tahun lalu;pelayanan lama, pesan minum sampai pulang tdk keluar.
luffy kusuma;12 ;2 tahun lalu;"Tempat parkir luas.
Ada ruangan outdoor, ruangan utama yg berAC, dan lantai 2.
Asyik untuk hang out."
Sunardi Sunardi;349 ;11 bulan lalu;Tempatnya cozy banget. 
Sunardi Sunardi;349 ;11 bulan lalu;Pelayanannya mantab.
Sunardi Sunardi;349 ;11 bulan lalu; Cuman harga makanannya bisa bikin kantong kempes . ??.
Sherly Intanwati;49 ;3 tahun lalu;Tempatnya bagus dan bersih
Sherly Intanwati;49 ;3 tahun lalu;Makanannya dan kopinya maknyus
David Irawan;113 ;3 tahun lalu;Keren....
Law Man li;57 ;3 tahun lalu;Bermacam menu makanan dan minuman. Nice place, good food n drinks
Ainur Rofik;116 ;setahun lalu;TEMPATNYA OKE kebersihan ya cukup bersih
Ainur Rofik;116 ;setahun lalu;pelayanan oke
Ainur Rofik;116 ;setahun lalu; maaf klo rasa ya gitu lah ya
erfan hadi;4 ;2 bulan lalu;Kopi nya enak
erfan hadi;4 ;2 bulan lalu;tempat enak buat kumpul bersama teman
Cukuptrisaja;76 ;setahun lalu;Pelayanan ramah, 
Cukuptrisaja;76 ;setahun lalu;makanan good ,
Cukuptrisaja;76 ;setahun lalu; cocok buat nongkrong sama keluarga
Pattrick Wijaya;78 ;setahun lalu;Harga mahal
Pattrick Wijaya;78 ;setahun lalu;pelayanan buruk
markus arianto;50 ;setahun lalu;Tanamera tolong tanya ya, kalian brief pegawe itu emang sama ya cappucinno sama latte? Saya take away kedua itu tanya sama nonik disana katanya sama aja.
Amrizal Arif Sulistyo;23 ;setahun lalu;Tempat yg nyaman. Ada pilihan smoking area atau non smoking
Ajeng Anugrah;1 ;4 bulan lalu;Tempatnya yg jadi prioritas dan  kenyamanan customer .
Local Guides Reviewer;477 ;3 tahun lalu;Tempat oke.
Local Guides Reviewer;477 ;3 tahun lalu;Untuk menu makanan gak worth it rasa sm harga.
rizky kurniawan;150 ;setahun lalu;kopinya enak, makanannya enak
rizky kurniawan;150 ;setahun lalu;tempatnya enak. 
rizky kurniawan;150 ;setahun lalu; ada harga ada rupa
Djuni Kuswanto;372 ;7 bulan lalu;Suasana oke...tambahin jenis kopi serta cara penyajiannya dong...
Devy Rachmawati;167 ;3 tahun lalu;Nyaman bangett buat chillin n meeting
Sonia Theodora;22 ;2 tahun lalu;"Tempat nongkrong para geng motorbike.
Oke aja tempatnya."
Sonia Theodora;22 ;2 tahun lalu;Gak mahal juga gak murah. Cukup.
Asyam Baihaqi;16 ;2 tahun lalu;Enak tapi harganya ahak mahal
Asyam Baihaqi;16 ;2 tahun lalu;Enak tapi harganya ahak mahal
Riris Hantari;10 ;setahun lalu;nice place, tempatnya nyaman .. terpisah antara smoking area dengan non smoking area
Rob U;251 ;setahun lalu;Nice place nice view..
Rob U;251 ;setahun lalu;Soal makanannya sdh tdk diragukan lagi...nakenakk
KIP Design;10 ;2 tahun lalu;siap2 bau asap rokok meskipun duduk di ruang indoor, karena pintu yg ga tertutup dgn baik
Badarul 'Alam;76 ;2 tahun lalu;Servis cepat,pelayanana ramah,
Badarul 'Alam;76 ;2 tahun lalu;kopi nya enak.
Badarul 'Alam;76 ;2 tahun lalu; Tempat bagus bersih dan nyaman
green home;45 ;3 tahun lalu;Panas. 
green home;45 ;3 tahun lalu; Kualitas makanan dan minuman biasa saja.
Kartika Hendrawati;9 ;3 tahun lalu;Kopinya enak.. 
Kartika Hendrawati;9 ;3 tahun lalu; Ada live musik nya jg pas hari Sabtu
Lusy Nathalia;2 ;3 tahun lalu;Mantap
Neni Novita;1 ;11 bulan lalu;Tempat yang nyaman untuk santai sambil meminum kopi
Karina Dewi Wirawan;56 ;3 tahun lalu; Makanan ok lah. 
Karina Dewi Wirawan;56 ;3 tahun lalu;Buka sampai malam. Tempatnya oke. AC nya dingin sekali.
Diraf Back;99 ;setahun lalu;Tempat nyaman
Diraf Back;99 ;setahun lalu; makanan enak.. kopi variasi
freedika riski;17 ;setahun lalu;Cafe nya ok, tempat nya jg ok
Chelsea Adikoesoemo;8 ;3 tahun lalu;Rasa makanan cenderung biasa, hanya kopi yg ok
Chelsea Adikoesoemo;8 ;3 tahun lalu;, relatif sangat mahal, 
Dennys Tanadi;4 ;3 tahun lalu;Tempat oke dah pokok nya, rekomen banget
Ari Firman;29 ;setahun lalu;Makanannya enak... Tempatnya oke banget
hasto pidekso;107 ;2 tahun lalu;Kopinya enak. 
hasto pidekso;107 ;2 tahun lalu; Suasananya juga nyaman. Enak buat nongkrong atau meeting
Chandra Dhen;46 ;11 bulan lalu;"Enak sekali buat kumpul"" "
Chandra Dhen;46 ;11 bulan lalu;,makanannya juga enak.
Ronny Wijaya;20 ;setahun lalu;Temukan cita rasa kopimu disini..?
LAMBANG ADITYA;125 ;2 tahun lalu;"Saya sangat puas. Jadi pingin cangkruk lagi. Ideal for daily Cafe
??????????"
Jimmy Saptenno;63 ;3 tahun lalu;Tmpt nya cozy, ada live perform accoustic. Asik buat nongkrong
sofyan hadi pranata;40 ;3 tahun lalu;Tempatnya lebih rame yg disini, tp tetep super nyaman!
EatSleep Train;4 ;3 tahun lalu;Bangunan instagramabke dengan menu yang variatif 
EatSleep Train;4 ;3 tahun lalu;harga worth it. 
EatSleep Train;4 ;3 tahun lalu; Servicenya aja yanga agak lama
OmCemple;42 ;setahun lalu;Masa dimatikan ac di ruang vip padahal udh pesen banyak.....  Unprofesional ??
N Firda;15 ;2 tahun lalu;Makanan sama minumannya enak,
N Firda;15 ;2 tahun lalu;tempatnya juga bagus
Malvinas Namaku;168 ;3 tahun lalu;Tkp kongkow, meeting dan santai.. bernuansa alami, cozy. Mantap
Tamaco Sby;1 ;2 tahun lalu;Tmpt nya enak tp kl bawa mbl susa parkir
Ishack Kiswara;125 ;2 tahun lalu;Minumannya enak, tp banyak banget yg sold out
Arif Arel;147 ;setahun lalu; kopinya juara..
Arif Arel;147 ;setahun lalu;Cozy tempatnya,
Iwan Iwan;8 ;2 tahun lalu;Kopi nya enak. Juara
Thomas Agustinus;13 ;3 tahun lalu;Sangat ramai..kurang AC
Thomas Agustinus;13 ;3 tahun lalu;harga mahal
Thomas Agustinus;13 ;3 tahun lalu; tapi enak??
Sukma Wandhira;16 ;2 tahun lalu;Berada dilokasi Surabaya Barat
Theodorus Sonny Wicaksono;26 ;9 bulan lalu;Lumayan la, kalo kesana lg ada peningkatan ya direvisi...heheheh
Natalia Christianti SE MM;26 ;2 tahun lalu;Agak lama penyajian pesanannya. Mungkin karena ramai pengunjung juga
Max_ ar;21 ;11 bulan lalu;Sebuah resto caffe yang menyenangkan tempatnya
ST8888;374 ;2 tahun lalu;Tempat Hangout kawula muda atau anda yang berjiwa mudah
Nurhayati;15 ;3 tahun lalu;Kopi enak , prefer lebih ke outdoor mendung2 TOP ??
Sugeng Pamungkas;94 ;setahun lalu;Lokasi parkir luas dan gratis
Dofi Hermawan;18 ;setahun lalu;White coffee and caramel, coconut coffee nya juga super enak.
Tgu;88 ;2 tahun lalu;Sangat buruk.. pelayannya kasar..
Achmad Mujib;39 ;2 tahun lalu;Tempat e bagus, strategi n nyaman buat nongkrong ????????
Jonathan Wibisono;28 ;2 tahun lalu;Lumayan jauh sih, enak buat hang out ama foto
Glad Pikatan;33 ;setahun lalu;Kopinya mantap
toni al karimi;10 ;3 tahun lalu;Tempat cozy 
toni al karimi;10 ;3 tahun lalu; waiter/waitressnya ramah.
Candra Sangkono;192 ;3 tahun lalu; Tempat cozy.
Candra Sangkono;192 ;3 tahun lalu;Kopi Lokal kualitas ????????????????, semua arabica.
Bat vans;316 ;8 bulan lalu;Oke si tempatnya
Yeni Setiawan;221 ;2 tahun lalu;Mantab??
ayu trisna;156 ;3 tahun lalu;Makanan nya biasa aja
ayu trisna;156 ;3 tahun lalu;tapi harganya mahal bngt??
Jimmy Huang;1 ;3 tahun lalu;Tempatnya enak buat meet up
Kadi Yono;312 ;5 bulan lalu;"Lumayan tapi bukan selera saya.
Semoga semakin baik."
Titis Arie;17 ;3 tahun lalu;Wajib coba nasi goreng tanamera ama onion ring. Enakkkk
uswatin hasanah;9 ;setahun lalu;Sangat nyaman
HSC;406 ;3 tahun lalu;Tembat asik buat nongkrong n ngopi
Devi Na;126 ;3 tahun lalu;cakep tempat nongkrongnya
Yatno Saputra;9 ;setahun lalu;Beef burgernya enak
arif moTovlog;78 ;11 bulan lalu;worth it dengan harganya
arif moTovlog;78 ;11 bulan lalu;Kopinya enak dan untuk Snack 
sunarto lanang;159 ;8 bulan lalu;Tempat sangat nyaman buat bercengkrama bersama sobat sobat
Dewi Hutomo;314 ;11 bulan lalu;Agak panas ya tempatnya :')
Josephine Kusumo;557 ;3 tahun lalu;Pelayan ramah semua.. 
Josephine Kusumo;557 ;3 tahun lalu;menu bervariasi..
Andrian Pratama;8 ;3 tahun lalu;Ngopi sambil nongkrong asik hanya di tanamera
Natallya Abigail;174 ;9 bulan lalu;Tempat enak buat nongkrong. Apalagi malem2
hazel hazel;5 ;3 tahun lalu;Kerren tmpatnya bagus..
hazel hazel;5 ;3 tahun lalu;Dan layananya. Ramah ..
Yosua Jahja;44 ;setahun lalu;Tempat yg enak buat ngopi dan hangout
Pandi S;56 ;3 tahun lalu;Nyaman buat ketemu client
Ibnu Siswanto;537 ;2 tahun lalu;Tempat nongkrong baru yang bisa dijadikan pilihan.
Roy Sitanggang;638 ;2 tahun lalu;Nyaman buat Hangout atau ketemu relasi bisnis
saddam husien;128 ;8 bulan lalu;Enak enaaak 
saddam husien;128 ;8 bulan lalu; tempatnya jg asyiik
Kartini Kartini;206 ;2 tahun lalu;Ramai
Herman Sjamsuri;35 ;setahun lalu;Enak banget buat nongkrong berjama'ah
Dias Smada;150 ;setahun lalu;americano nya kecil kayak espresso ??
andi wahyudi;42 ;setahun lalu;Tempat nya asik, nyaman, recomended lah
Echo Hary;9 ;setahun lalu;Menarik buat pecinta kopi
Yohan Pramono;27 ;2 tahun lalu;Kurang flexible,mengenai biaya,contoh pakai listrik di cash
Edi Wawan Sutejo;10 ;3 tahun lalu;Ok ... waitres ramah, parfum ok bgt ...
An'Niza Regga;26 ;2 tahun lalu;Tempat menunggu buka puasa yang bagus
Arif Hidayanto;12 ;3 tahun lalu;Bagus design cafenya,,,,manteebbbb
51140 khoisam;13 ;6 bulan lalu;Enak buat nongkrong
ROMI GANI;67 ;2 tahun lalu;Bagus viewnya top bersih segar
Irwan Wahyudi;20 ;3 tahun lalu;Cozy..asyek buat nyante ama teman2
Tretan Bromo;109 ;3 tahun lalu;View jalanan kota surabaya.  Nice place
Yuli Widayati;65 ;setahun lalu;Orangnya ramah banget
Lulus Pujianto;100 ;3 tahun lalu;Suasananya nyaman
Lulus Pujianto;100 ;3 tahun lalu; waiters fast respon
Andreas Timbang;96 ;3 tahun lalu;Kopi nya lumayan
Farah Adelia;33 ;2 tahun lalu;Nyaman dan bersih
ibnu iskha;1 ;11 bulan lalu;Makanan kurang enak
yunus qw;50 ;2 tahun lalu;Ok buat informal meeting
Rico sucioto;58 ;3 tahun lalu;Cold white nya enak.
andri anto;28 ;setahun lalu;Tempat yg enak buat cangkruk
boesf 11;8 ;2 tahun lalu;Tempatnya ok.
Iik Willianto;113 ;setahun lalu;Tempat nongki yg nyaman
Rahma M;141 ;3 tahun lalu;Tempatnya bersih steril dan nyaman
Arif Hermawan;90 ;2 tahun lalu;Tempat enak
iskandar zaini;2 ;setahun lalu;Kualitasnya baik keamanan.nya juga oke
iif729 Channel (Iif);67 ;setahun lalu;Enak..nyus
anak malam;66 ;2 tahun lalu;Tempatnya asiyk
ANGELITA WIYANTO;14 ;3 tahun lalu;Mantul coffee nya
Robert brams;2 ;3 tahun lalu;Suasana buat santai...
Sarju Irawan;134 ;setahun lalu;Menunya kurang spesial
Ugie Ugie;49 ;7 bulan lalu;Pas dirasa kopinya..
Sumarto Sudarju;137 ;2 tahun lalu;Enak
Abdul Dhohir Handono;35 ;3 tahun lalu;Suasana nya menyenangkan
Rudi A2;788 ;setahun lalu;Kopinya kurang nendang
andriyan akmar;90 ;3 tahun lalu;Kopinya enak
Sonara Nur Ahmad S Ahmad Santoso;72 ;3 tahun lalu;Biasa aja
Indra Setiawan;80 ;9 bulan lalu;??
yohan hoki;61 ;2 tahun lalu;Tempat nyaman
Rissa Offc_·;39 ;setahun lalu;Mantab
Thomas Liminto;179 ;3 tahun lalu;Tempat yg nyaman buat kongkow
Lenny Pelapory;13 ;3 tahun lalu;Pelayanan lama
Ario Sutedjo Sutedjo;15 ;setahun lalu;Saladnya enakk
Denny;361 ;3 tahun lalu;Wifinya gak connect huft
Afghan Alfushshilat;36 ;10 bulan lalu;Tempatnya enak suasana juga
handy kuswadi;22 ;10 bulan lalu;????????
Dwi Sukriyanto;123 ;3 tahun lalu;Mahal,
Dwi Sukriyanto;123 ;3 tahun lalu; rasa relatif hambar
Tio Imannul Kodri;10 ;setahun lalu;nice cappucino
Tio Imannul Kodri;10 ;setahun lalu;Nice place
Reza humble;23 ;9 bulan lalu;Matchanya luar biasa
Satya Modhana;18 ;setahun lalu;tempat nyaman dan bersih
Feybrina Aiko san;16 ;2 tahun lalu;Kopinya juara
Levina Letisia;18 ;2 tahun lalu;Murah 
Levina Letisia;18 ;2 tahun lalu;nyaman
Avandi Ayu;2 ;2 tahun lalu;Tempatnya nyaman
Hasto Pidekso;207 ;2 tahun lalu;Kerenlah utk kongkow...
Renaldus Robert;57 ;setahun lalu;Buka selama idul fitri
febby nataza;17 ;setahun lalu;Tempat ngopi baru disurabaya
Dodik Alfayet;18 ;2 tahun lalu;Lumayan
Rendy D. Putra;59 ;setahun lalu;Cukup nyaman :)
precia angeline;22 ;3 tahun lalu;Lumayan sih
unsur jaelani;111 ;2 tahun lalu;Keren tempat nya
Setia Budi;293 ;2 tahun lalu;Pelayan buruk+nyolot
Ferdinandus Ary Prabowo;141 ;3 tahun lalu;Ac dimatikan.....
Irwan Susanto;86 ;3 tahun lalu;Minuman kopi modern...
Ossi Meika;10 ;setahun lalu;Tempatnya bagus
anita karlina;44 ;2 tahun lalu;Pahit
fendy suhariadi;231 ;2 tahun lalu;Recomended lah
Ade Frendy;16 ;setahun lalu;keren
Alfred Vincentius;2 ;2 tahun lalu;Cocok untuk nongkrong
Sigit L;3 ;2 tahun lalu;Tempatnya cozy
juli kuncoro Putro;108 ;setahun lalu;Recomended
toni sugiarto;123 ;3 tahun lalu;Santai
Danan Ekatama K;192 ;3 tahun lalu;Sip
Sambel Kemangi;130 ;setahun lalu;Tempat nongkrong asyek
Medyana Endria;9 ;2 tahun lalu;Lumayanlah
Hery Ismailliya;484 ;seminggu lalu;Cozy abisss.....
samid farmer;9 ;2 tahun lalu;Selamat Nongkrong
Tifani Elgy Novalia;8 ;2 tahun lalu;Eksklusif.......
Fahmi Family;79 ;setahun lalu;Top markotop
Tony Tan;45 ;2 tahun lalu;Kerennnnnn
agung panggul;2 ;setahun lalu; Minumannya enak.Makanan begitu-begitu.Nasi gorengnya enak,sandwich tuna sangat enak.Telur benny tidak mengesankan.Tapi minuman itu menyembuhkan segalanya.
agung panggul;2 ;setahun lalu;Suasana sangat bagus.Juga menyajikan alkohol.Datang ke sini pada Sabtu malam,musik live aktif.
CHANNEL HOBBIES (MANIA);6 ;3 tahun lalu; Kopinya enak seperti yang diharapkan, dan cenderung lebih intens dan asam daripada yang biasanya disajikan kebanyakan kafe. Jika Anda mencari tendangan yang lebih kuat dalam kopi Anda, Tanamera adalah tempat yang tepat. Makanan yang biasa-biasa saja di terbaik, meskipun saya tidak keberatan untuk mencoba makanan berat waktu berikutnya saya datang
Sochib Riyanto;355 ;2 tahun lalu; Pasti dapat merasakan kualitas melalui minuman dan makanan mereka.
Sochib Riyanto;355 ;2 tahun lalu;.Suasana agak gelap tapi cukup nyaman untuk hang out bersama teman-teman.
Nugroho Catur Riyanto;319 ;3 tahun lalu; Tempat yang bagus
Nugroho Catur Riyanto;319 ;3 tahun lalu; makanan dan kopi yang enak, 
Nugroho Catur Riyanto;319 ;3 tahun lalu;harganya adil..
Nugroho Catur Riyanto;319 ;3 tahun lalu; pelayan Anda atau pelayan Anda di meja kami hari ini 21 Maret 2022 .. tidak ada keramahan tidak bisa mengucapkan terima kasih atau respon yang baik kepada kami . Btw kita duduk di dalam toko. Berharap Tanamera akan meningkatkan jalur layanan karena keramahan adalah kuncinya ... terima kasih
Bilqis ufairah;230 ;2 tahun lalu; Suka bagaimana mereka menyiapkan kopi botol! Sangat nyaman untuk pergi dan tempat ini ramah anjing! Pasti akan merekomendasikan kepada pemilik anjing yang bertanggung jawab dan kopi mereka tidak pernah mengecewakan saya. Salam untuk pecinta kopi & anjing. Drive melalui tersedia!
suyatno nurwantoro, se;54 ;3 tahun lalu; Punya kopi yang dibuat manual .. Rasanya cukup berani .. Mencoba kerinci dengan v60 ... Mangkuk nasi lada hitam daging sapi rasanya enak tapi agak terlalu manis untukku .. Dan mungkin menambah rasa pedas ... Keripik ikan luar biasa ..
Three Green Panda k;1 ;3 tahun lalu; Kami merekomendasikan KafeF&B tahu Enak
ilham akbar;18 ;3 tahun lalu; Suka kopinya terutama cold brew. Burger gourmet adalah hidangan favorit saya saat ini di menu. 
ilham akbar;18 ;3 tahun lalu; Harga rata-rata.
ilham akbar;18 ;3 tahun lalu; Akhirnya Tanamerah dibuka di Surabaya! Sedang menunggu ini. Tempat yang bagus untuk bersantai.
ilham akbar;18 ;3 tahun lalu; Layanan hebat!
Yoshiko VS;125 ;8 bulan lalu; Tempatnya bagus di sore hari, suka suasana. Hijau karena pohon di luar itu indah. Cukup ramai
Yoshiko VS;125 ;8 bulan lalu; tapi mereka menyajikannya dengan cepat. 
Yoshiko VS;125 ;8 bulan lalu; Saya memesan telur salmon salmon, saya minta maaf tapi itu bukan seleraku (dan itu tidak sepadan dengan harganya). Cappucinno jeruk keprok adalah unik dan bagus.
Ariella Cahya;197 ;8 bulan lalu;Terutama cold brew (itu yang paling terkenal). Tapi untuk pengalaman saya makanan di bawah standar. Mendapatkan fettucini carbonara saya dengan telur rebus yang matang dan rasanya tidak terlalu enak.
Ariella Cahya;197 ;8 bulan lalu; Akhirnya mereka membuka Tanamera di Surabaya. Mereka memiliki salah satu kopi terbaik yang akan saya katakan. Mereka memiliki 2 lantai dan mereka juga memiliki outdoor (ini adalah kafe ramah anjing! Anda dapat membawa bayi bulu Anda dan duduk di area outdoor di lantai 1). Tempat hangout yang bagus. Mereka juga memiliki musik live di malam hari.
Edwardus Kevinnul;107 ;5 bulan lalu; Mencoba v60 toraja, dilayani dengan baik. white cold tidak terlalu tebal (saya akan mencoba cold brew lain kali). 
Edwardus Kevinnul;107 ;5 bulan lalu; Suasana yang bagusDan saya lupa menanyakan nama pelayannya, tapi dia sangat ramah dan membantu. Terima kasih Nona, dari pelanggan v60 & cold white Anda
Acca Melinda;1 ;6 bulan lalu; Kopi, teh, makanan ringannya enak
Acca Melinda;1 ;6 bulan lalu;Suasananya bagus, terutama untuk lagunya (tapi agak terlalu keras)
Acca Melinda;1 ;6 bulan lalu; harga itu sepadan dengan tempatnya
Yosep Sugiarto (Otjep);1.082 ;11 bulan lalu; Kopi yang enak dan tempat untuk bekerja, mengadakan pertemuan, atau sekadar bersantai. Makanannya juga enak dengan berbagai jenis hidangan barat, Italia, atau Asia.
Ian Tazz;267 ;setahun lalu; Berbagai macam lattes,  bukan penggemar ayam popcorn mereka. Kopi cukup ok
Adie Yudo;223 ;3 bulan lalu; Kopi baik-baik saja. 
Adie Yudo;223 ;3 bulan lalu;Harganya pun lebih mahal dibandingkan kompetitor. 
Adie Yudo;223 ;3 bulan lalu; Beberapa staf sangat ramah, beberapa hanya tidak peduli. 
Adie Yudo;223 ;3 bulan lalu; Air keran bau. Tempat itu cantik.
Sani The Sunshine;379 ;3 tahun lalu; Kopi yang enak, tempat yang enak. Ayam bakar berada di sisi yang lebih segar, sehingga saya khawatir itu mungkin kurang matang. Bukan itu. Tetapi tetap saja. Mencoba telur benny juga, itu baik-baik saja
Puji Pramesthi;130 ;2 tahun lalu; Saya belum mencoba hidangan utama mereka, tetapi sudah mencoba cokelat es, beludru merah es dan cincin bawang dan rasanya enak.
Puji Pramesthi;130 ;2 tahun lalu; Tempatnya besar. Anda dapat membawa keluarga, teman, atau bahkan anak Anda ke sini.  Suasana itu bagus.
Billy Chandra;195 ;3 tahun lalu; Kopi yang enak. Saya suka Mesin Espresso Slayer.
ika paramita;14 ;9 bulan lalu; Pesan 2 cold brew favorit mereka: kelapa & karamel. Rasanya enak. 
ika paramita;14 ;9 bulan lalu; Suasana yang menyenangkan, mereka memiliki tempat duduk indoor dan outdoor. Dapatkan seporsi kentang goreng truffle untuk menemani rehat kopi saya
Nicole Kusdenia;11 ;setahun lalu; Kopinya sempurna dan semua makanan yang saya pesan enak
Nicole Kusdenia;11 ;setahun lalu; Tempat yang nyaman bagi kaum muda untuk menghabiskan malam.
Sigit Ananda;190 ;2 tahun lalu; Tempat yang nyaman untuk nongkrong, 
Sigit Ananda;190 ;2 tahun lalu; suasana yang menyenangkan,  arsitektur dan interior luar biasa :)
Sigit Ananda;190 ;2 tahun lalu;, harga agak tinggi untuk kopi tetapi masih OK, 
Ivana Susanti;5 ;4 bulan lalu; Saya suka kopi V60 di tempat ini. Favorit saya adalah ache gayo. cold brew juga enak.
Marisa Su;250 ;3 tahun lalu; tempat sempurna untuk mengobrol dan bergaul dengan teman-teman ... 
Marisa Su;250 ;3 tahun lalu; Kopi adalah hebat .... tapi saya kira makanan yang kami pilih hanya tidak sepadan dengan harga ... baik untuk waktu makan siang teh atau makan malam ... tidak untuk makan .. ..kami memesan aglio spaghetti ... itu datang sangat pedas ... bertanya kepada mereka apakah itu normal .... mereka memeriksa ... mengatakan jelas terlalu pedas ... memasak kembali spaghetti .... kembali sooo asin .... maaf untuk mengatakan .... Saya pikir lebih baik jika mereka hanya membuat kafe ini dengan makanan ringan ... jika mereka tidak mampu mengetahui bahwa spaghetti terlalu asin tidak layak ....
Quiin Tessa;59 ;3 tahun lalu; Suasana bagus
Quiin Tessa;59 ;3 tahun lalu; kopinya bukan untuk saya. Terlalu ringan terutama jika suka kopi bertubuh penuh ...
Alina Oen;90 ;3 tahun lalu; Makanan ok kopi harga bagus ok, teh hijau standar dan kecil. 
Alina Oen;90 ;3 tahun lalu; harga makanan cukup mahal
Alina Oen;90 ;3 tahun lalu; Tempat itu besar, interior bagus & dekorasi, tempat yang indah
yessi oktari;117 ;3 tahun lalu; Coba Tangerine Cappucino & rasanya enak saja.
yessi oktari;117 ;3 tahun lalu; Terletak di Surabaya Barat, dengan bangunan minimalis modern, dominan dengan warna merah. Sebenarnya rasanya nyaman, tapi sayangnya terlalu ramai. 
Winata Prayitno;516 ;sebulan lalu; Mahal 
Winata Prayitno;516 ;sebulan lalu;memiliki tempat yang nyaman, baik untuk Anda jika Anda ingin bertemu di sini
Gisela Vonny;188 ;2 tahun lalu;" Kopi yang luar biasa dengan harga yang cukup masuk akal (walaupun itu menjengkelkan karena harga yang disebutkan tidak termasuk pajak, sehingga Anda membayar lebih tinggi dari yang diharapkan), meskipun penyajiannya cukup kecil (digambarkan adalah cappuccino; lihat vas bunga kaca untuk skala). Namun demikian, kualitas jenis make up untuk ukuran porsi kecil. Pergi di sini untuk kedua kalinya dan memiliki latte es mereka, yang juga terasa lezat dan menyegarkan. Ketiga kalinya saya pergi ke sini, saya memesan cold brew hitam mereka, karena sepertinya cukup populer di media sosial. Saya pikir Anda pasti harus mendapatkan cold brew ketika Anda berada di Tanamera karena itu adalah salah satu cold brew terbaik yang pernah saya rasakan sampai saat ini (ingat, saya telah mencicipi kopi buatan kopi beberapa kali, dan kopi Tanamera adalah salah satu pesaing teratas). Untuk IDR 40.000, Anda mendapatkan sebotol cold brew 300 ml yang kuat, cocok untuk saat Anda membutuhkan sentakan kafein untuk mengeluarkan Anda dari keterpurukan sore Anda. Saya belum mencoba salah satu makanan mereka, jadi saya tidak bisa mengomentarinya. Yang saya tahu adalah datang ke sini untuk minum kopi berkualitas dan ruang yang bagus dengan banyak cahaya alami untuk mengobrol dengan teman-teman Anda!"
Swastedy Prasetyo;133 ;3 tahun lalu; Kafe adalah tempat yang bagus untuk bersantai dan bersantai.
Swastedy Prasetyo;133 ;3 tahun lalu;Tuang-overnya bagus - terbuat dari kopi asli Indonesia. Minuman berbasis kopinya enak, seperti tangerine americano dan tangerine latte. Keduanya serupa — kecuali bahwa rasa jeruk keprok lebih berat.Untuk makanan, telur Benediktus cukup enak. Telur rebus masih memiliki kuning telur berair. Croissantnya juga enak. Atau, jika Anda ingin camilan, kentang gorengnya enak - kulit luarnya sangat renyah dengan bagian tengah yang lembut.
Marudesign;173 ;3 tahun lalu; Tempat yang nyaman 
Marudesign;173 ;3 tahun lalu; kopi terbaik yang pernah ada ..
Shane Lee;73 ;setahun lalu; Tempat hangout yang bagus! Kopi yang enak, terutama kopi cold brew
Shane Lee;73 ;setahun lalu; Tempat hangout yang bagus! Kopi yang enak, terutama kopi cold brew
aNeLoiD;170 ;3 tahun lalu; Tempatnya oke
aNeLoiD;170 ;3 tahun lalu;tapi bukan jenis kopi saya
Charles Gunawan;159 ;3 tahun lalu; Memesan Black Cold Brew dan itu benar-benar pengalaman terbaik. Sangat halus dengan rasa cokelat dan pedas.
Glenn Prawito;283 ;3 tahun lalu; Suasana luar biasa ...Tempat parkir yang luas Tempat nongkrong dengan Kolega dan teman …
Glenn Prawito;283 ;3 tahun lalu;Kopi yang enak Makanan / camilan enak
Joseph Dimas Putera Purwohadi;56 ;3 tahun lalu; Cocok untuk tempat nongkrong asalkan tidak ada makan.  Tempatnya cukup luas. Saya tidak suka interiornya, tapi suasananya bagus. 
Joseph Dimas Putera Purwohadi;56 ;3 tahun lalu; Cocok untuk tempat nongkrong asalkan tidak ada makan. Kopi itu enak, terutama cold brew mereka. Tapi makanannya tidak enak, semua mangkuk nasi kami hambar dan tidak berasa. 
Joseph Dimas Putera Purwohadi;56 ;3 tahun lalu; Staffnya kurang baik, tapi tidak ada masalah dengan pelayanannya.
Adella Anwary;73 ;2 tahun lalu; Kopi enak
Adella Anwary;73 ;2 tahun lalu; pelayanan bagus.
Adella Anwary;73 ;2 tahun lalu; Kopi enak, pelayanan bagus. Tempat yang bagus untuk menghabiskan waktu bersama keluarga dan teman.(Asli)Great coffee, good services. A nice place to spend your time with family and friends.
Veronica Bella Arifin;17 ;3 tahun lalu; pelayanan buruk, masalah mau pindah tempat duduk saja mungkin. padahal saya menginap lebih lama, tapi di sebelah kursi ganti, awalnya tidak diperbolehkan, akhirnya diperbolehkan
Edwin S;560 ;3 bulan lalu; Rasa jika nasi goreng ok . Kopi yang enak.
Edwin S;560 ;3 bulan lalu; tapi mahal.
veronica sanjaya;54 ;9 bulan lalu; Kopi enak, makanan enak, dan suasana santai.
veronica sanjaya;54 ;9 bulan lalu; Staf sangat membantu dan ramah tanpa menjadi sombong. 
veronica sanjaya;54 ;9 bulan lalu;suasana santai. Bahkan toiletnya bersih dan tidak menakutkan dengan warnanya yang gelap. Salah satu tempat terbaik di Surabaya Barat untuk sarapan, makan siang atau makan siang.
Samuel Lukito;43 ;2 tahun lalu; Tempat yang sangat bagus
Samuel Lukito;43 ;2 tahun lalu;Makanan enak
dhani widjaya;90 ;5 bulan lalu; pasta yang lezat,Rasa kopi = sangat jeruk
dhani widjaya;90 ;5 bulan lalu;harga moderat
dhani widjaya;90 ;5 bulan lalu;Suasana yang bagus
fenty adiwinata;51 ;setahun lalu; Tempat yang bagus untuk hang out dengan teman-teman..terutama di lantai dua mereka
levi centaury (JuraganStiker);71 ;3 tahun lalu; Kopi rasanya enak
levi centaury (JuraganStiker);71 ;3 tahun lalu; Tempat yang bagus tapi terkadang terlalu berisik. 
ChanS;1.917 ;setahun lalu; Tempat nyaman, suasana luar biasa, 
ChanS;1.917 ;setahun lalu;cold brew caramelnya enak
Peter Kurniawan;438 ;3 tahun lalu;kopi enak
Peter Kurniawan;438 ;3 tahun lalu;, kopi enak, 
Esther Nathalia;6 ;8 bulan lalu; Makanan enak, kopi enak
Esther Nathalia;6 ;8 bulan lalu; suasana luar biasa. Sempurna untuk makan siang
Cing Cing;160 ;3 tahun lalu; enak dan banyak pilihan makanan berat
Sari Dwiyuliarti Sutardi-Ariwibowo;71 ;setahun lalu; harga juga standar, 
Sari Dwiyuliarti Sutardi-Ariwibowo;71 ;setahun lalu; Pilihan menunya khas, yang paling menarik adalah suasana tempat ini. 
Sari Dwiyuliarti Sutardi-Ariwibowo;71 ;setahun lalu;Namun saya menemukan bahwa pelayan di sana tidak terlalu ramah, cara mereka berbicara dan tidak tersenyum. Ada yang salah denganku. Tentu saja bukan pengalaman terbaik.
David David;252 ;setahun lalu; Minum jus setiap hari, enak
Gecko Gecko;52 ;3 tahun lalu; Tempat yang bagus untuk bersosialisasi dan pecinta kopi. Ini adalah kafe yang bagus 
Gecko Gecko;52 ;3 tahun lalu;" Ini adalah kafe yang bagus dan kualitas makanan dan minuman mereka berdasarkan budaya barat. Kopi yang mereka rekomendasikan berwarna white cold. Merek dagang mereka dapat dilihat dari tutup botol dengan kata, ""Dingin Putih"" dan itu hal yang baik untuk ditangkap kemudian mempostingnya untuk dibagikan dengan teman-teman di media sosial. "
Gecko Gecko;52 ;3 tahun lalu; Harga bagus dan sesuai dengan kualitas mereka.
iussoe;1.209 ;setahun lalu; Kafe kontainer dengan warna merah hitam. Karena interiornya merah hitam sehingga nuansanya redup. Memiliki dua lantai, di lantai dua terdapat ruang pribadi yang mampu memuat hingga 9 orang. 
iussoe;1.209 ;setahun lalu; Spesialis kopi, oleh karena itu rasa makanannya tidak begitu enak dan tawar. Menu makanan paling enak menurut saya adalah pisang goreng. Satu porsi pisang goreng terdiri dari empat potong.
Daniel Stevanos;25 ;3 tahun lalu; tempat pilihan lain di surabaya barat .. cinta cinta cinta ...  tempat bagus, musik bagus
Daniel Stevanos;25 ;3 tahun lalu;makanan enak, c
Vita Tanuwijaya;59 ;3 tahun lalu; Tempat yang bagus untuk bertemu dengan teman?
Fenska CT;59 ;setahun lalu; Pemeliharaan outdoor baik, di dalam ok. Kamar kecil seperti biasa bau.
felix ciosconara;102 ;3 tahun lalu; Suka Karamel white cold ??
uya. medan;91 ;2 bulan lalu; tempat hangout yang nyaman
Puncoro Goeyardi;80 ;setahun lalu; Harga premiumKualitas F&B: rata-rata (tidak sepadan dengan harganya)Lokasi: tidak burukTempat ini mungkin akan lebih cocok untuk remaja karena sangat ramai & agak bising. 
Puncoro Goeyardi;80 ;setahun lalu; Makanannya oke tapi tidak sepadan dengan harganya. Saya memesan spageti tuna pedas tapi terlalu pedas & ikan tuna masih ada tulangnya. Tulang ikan tersangkut di tenggorokan Anda setelah membayar sebanyak itu tidak sepadan dengan pengalamannya. Mungkin tidak akan datang ke sini lagi
Anwar Patawari;45 ;3 bulan lalu; Layanan buruk. Pertama kali kami datang ke sana penuh sesak jadi kami membiarkannya meluncur. Kali kedua datang masih terlalu pagi. Tidak banyak pelanggan tetapi kita masih harus menunggu begitu lama hanya untuk pencuci mulut. Tidak ingat nama makanan penutup tapi itu sesuatu dengan es krim karena putriku bersikeras memilikinya satu pagi itu. Menunggu satu jam untuk itu dan masih belum mendapatkan apa-apa di meja kami. Jadi kami memutuskan untuk pergi .. dan mungkin tidak kembali.
James Njoto;24 ;2 tahun lalu; Salah satu pengrajin kopi panggang segar terbaik di kota
Tatiana Kent;82 ;3 tahun lalu; kopi yang enak, 
Tatiana Kent;82 ;3 tahun lalu; kopi yang enak, staf yang ramah. Pasti akan kembali.
Kemal Idris;14 ;setahun lalu; Kopi yang luar biasa untuk pecinta arabika. Ramai di akhir pekan.
Habibur Rohman;42 ;setahun lalu; Tempat yang bagus
Habibur Rohman;42 ;setahun lalu; makanan dan kopi yang enak
Haryanto Pranoto;655 ;setahun lalu; Makanan itu pasti mengerikan. Kami memesan 2 hidangan utama, salah satunya adalah spaghetti carbonara untuk harga Rp 72.000 belum termasuk pajak namun rasanya seperti pasta instan dari kafetaria kampus saya.Saya tidak berharap untuk rasa pasta yang sempurna atau enak, tetapi setidaknya untuk pelanggan yang membayar 72rb tidak layak mendapatkan sachet carbonara instan.Jika saya diminta kembali atau tidak? Pasti 100% tidak akan kembali, bahkan rekomendasi kepada siapa pun. Maafkan aku
Monica Christiani;64 ;11 bulan lalu; Setelah 3 bulan tinggal di rumah ... Dammmnnn pergi ke luar menikmati kopi seperti ini   
Merry M;53 ;3 bulan lalu; ini adalah tempat yang bagus untuk berkumpul dan bergaul dengan teman-teman Anda :)
Merry M;53 ;3 bulan lalu; Kopi mereka rasanya enak sekali terutama cold brew mereka! Seharusnya lebih tua cold brew mereka ketika Anda mengunjungi Tanamera! Pilihan lain bisa berupa cappucino mereka seperti yang terlihat dalam gambar ini.
Melly Heston;42 ;3 tahun lalu; Suka staf yang luar biasa di sini. Mereka sangat ramah dan bertemu banyak teman di sini.
Monica Hong;13 ;3 tahun lalu; Kami adalah satu-satunya pelanggan di sini dan memesan telur. Kedua pesanan salah dan butuh lebih dari 30 menit untuk menerima pesanan (telur) yang benar. Tidak ada manajer untuk diajak bicara dan alasan dari dapur adalah bahwa ada staf baru dan mereka tidak tahu cara merebus sebutir telur. Kecuali jika Anda ingin menghabiskan minimal satu jam dan menerima makanan mediochre, saya sangat menyarankan Anda menghindari tempat ini!
Ekky Agham Nugroho;26 ;setahun lalu; Kopi memang enak,
Ekky Agham Nugroho;26 ;setahun lalu; tapi kami memesan ayam bakar, tapi terlalu kering, sulit dikunyah. Makanan disajikan dingin .. menunggu makanan, namun, kami mendapat ayam panggang dingin dan sangat kering ..
Angela Sari;42 ;setahun lalu; Staf sangat tidak membantu. Tempatnya penuh dan hanya 1 kamar yang tersisa. Kami datang berkelompok untuk 11 orang dan mereka tidak membantu memberikan meja. Dan ingin kita mengambil kamar tetapi dengan minimum order untuk 1 juta. Kenapa kita bisa menghabiskan 1 juta total jika kopi rata-rata hanya 35k per cangkir ?? Tempat ini sangat tidak direkomendasikan.Saya selalu pergi ke tanamera coffee di jakarta tetapi TIDAK PERNAH MENDAPATKAN PENGALAMAN SEPERTI INI! Di jkt mereka sangat membantu dan ramah. Tidak begitu sombong dalam menjawab pelanggan seperti keluarga tanamera graha ini.(Asli)Staff so unhelpful. Place is full and only 1 room left. We come in group for 11 person and they didnt help to give a table. And want us to take the room but with a minimum order for 1 million. How come we can spend 1 million in total if the coffee is only 35k per cup in average?? This place is so not recomended.I always go to tanamera coffee in jakarta but NEVER GET EXPERIENCE LIKE THIS! In jkt they’re very helpful and warm friendly. Not so arrogant in answering customer like this tanamera graha family.
Ricky Pao;193 ;3 tahun lalu; Layanan bagus dan ramah. Punya selera yang bagus juga.
Kendy Kusumohadi;71 ;3 bulan lalu;kopi, makanan juga enak
Kendy Kusumohadi;71 ;3 bulan lalu; Tempat yang sibuk, dan hype. Saya mengerti sekarang mengapa orang-orang crancky tidak mendapatkan kursi mereka, tapi hei ... ayolah orang-orang menjadi nyata, 1st come 1st serve, ini tempat yang keren, apa yang bisa Anda katakan sibuk, jadi jadilah keren ya ..
Michelle Christiandi;1 ;3 tahun lalu; Tempat yang nyaman untuk bertemu dengan teman dan kolega. Direkomendasikan.
claude eftee;47 ;3 tahun lalu; Suasana yang menyenangkan
claude eftee;47 ;3 tahun lalu;kopi yang enak
???;18 ;setahun lalu;Goodd
d hawkins;1 ;3 tahun lalu; Makanannya buruk & butuh waktu satu jam untuk dilayani.Kami hanya memesan 2 induk, dan 1 camilan.Yang pertama adalah beras buntut bakar jimbaran, yang berasnya benar-benar kering & buntut sebagian besar terdiri dari tulang.yang kedua adalah spaghetti steak hache (mereka mengatakan rasanya aglio olio) tetapi pasta hambar dan steak terlalu kecil. Rasanya seperti makan mie instan.Makanan ringan yang cumi, rasanya begitu begitu.Akan kembali untuk minum kopi, tetapi tidak untuk makanan mereka. Layanan ini mengerikan.
Dorothean Night;1 ;3 tahun lalu; sebuah kafe dengan arsitektur dan interior keren. selalu ramai jadi agak bising. bukan tempat yang tepat untuk ngobrol kecil dengan teman,
Dorothean Night;1 ;3 tahun lalu; tapi mereka menyajikan kopi yang enak.
fabrianne winarko;4 ;3 tahun lalu; Masakan Mantaapp
Febry San;42 ;2 tahun lalu; Suka kopi mereka …
Andrie Khusyi;3 ;3 tahun lalu; Nyaman
Egy Arganatha;12 ;setahun lalu; Putih datar panas. Parkir luas
Pro su;41 ;3 tahun lalu; Tempat nyaman dan cukup nyaman, tetapi sedikit di sisi yang bising
Aus Mick Ardiansyah;97 ;2 tahun lalu; Tempat nyaman, suasana menyenangkan
Aus Mick Ardiansyah;97 ;2 tahun lalu;makanan enak, 
Ahmad muammal;189 ;3 bulan lalu; Tempat yang nyaman untuk minum secangkir kopi
albert simon;11 ;3 tahun lalu; Mereka memiliki salah satu Latte karamel terbaik di kota!
mugsey;239 ;3 tahun lalu; Itu adalah tempat yang tepat tetapi saya tidak nyaman karena terlalu ramai dan tidak mudah untuk menemukan tempat duduk di sini. Menu kopi buatan terbatas otentik dan menu makanan juga berbeda dengan cabang-cabang Jakarta
Tjie Tong Lie;170 ;setahun lalu; tempat yang bagus, untuk nongkrong dengan teman Anda
Bertha Thresia;223 ;setahun lalu; manajemen yang buruk dari staf FOH. Makanan saya datang terlebih dahulu sebelum kopi. Menunggu selama 25 menit untuk secangkir putih rata. Memberitahu 3 pelayan berbeda tentang masalah saya dan mereka sepertinya tidak peduli.
Clara Felisia;83 ;2 bulan lalu; Kedai kopi yang cukup ramai. Pilihan kopi yang bagus. Tapi americano mereka lebih dari rasa buah, yang tidak terlalu kusuka. Pilihan camilan bagus tersedia
Kanokon Suebsin;17 ;2 bulan lalu; white cold nya tanamera the bessstttt mantulsssss !!! 
Brilliant Hermawan;84 ;3 tahun lalu; OK lah. Suasana yang bagus dengan layanan yang ramah. Tapi tidak terlalu cocok untuk mengobrol dengan teman .. Musik kehidupan terlalu berisik.
Rika Jho Story;128 ;5 bulan lalu; tempat yang enak.
Rika Jho Story;128 ;5 bulan lalu; Kopi terbaik. Makan yang enak, 
maria lusiana;296 ;3 tahun lalu; Tempat nongkrong dan mengobrol yang sangat direkomendasikan dengan teman / kolega ...Hanya satu minus:Saya memiliki pengalaman buruk begitu saya pergi ke sana ...Kasir salah menghitung jumlah barang.Periksa sebelum Anda pergi …
Ivan Parmenas;15 ;3 tahun lalu; Lantai dua sangat panas. Nyalakan hanya 1 ac selama hari yang panas.
Ivan Parmenas;15 ;3 tahun lalu; Kopi ok, tidak ada yang istimewa dan makanan tidak begitu baik.
Arya Ferari;26 ;3 tahun lalu; Mahal untuk kelasnya dengan rasa standar saja
Tyo 'dejavu' Hadi;71 ;setahun lalu; Suasana yang hebat
Tyo 'dejavu' Hadi;71 ;setahun lalu;kopi yang enak 
Tyo 'dejavu' Hadi;71 ;setahun lalu; harga yang terjangkau
Cheryl;9 ;3 tahun lalu; salah satu rantai kopi terbaik di Indonesia
Chris Kam;244 ;setahun lalu; Tempat yang bagus untuk bersantai
Chris Kam;244 ;setahun lalu; kopi enak
Clara monica Triana;13 ;2 tahun lalu; Tapi bisa lumayan ramai, banyak anak muda.
Aricko Khena Kaban;298 ;setahun lalu; Tempat yang bagus, tapi kecil sehingga sulit untuk mendapatkan meja untuk grup besar kecuali memesan kamar pribadi
Andi Asrawi;49 ;2 tahun lalu;tempatnya nyaman 
Andi Asrawi;49 ;2 tahun lalu;mereka menyajikan kopi yang enak. 
Andi Asrawi;49 ;2 tahun lalu;. Mereka bahkan memiliki band live yang bagus.
Agung Setiawan;33 ;3 tahun lalu; Pelayan tidak mengendalikan produk..memesan jus trt segar harian dtgnya jus jeruk (rasa ky jus jeruk kotakan)
Magic Sanctuary;88 ;2 tahun lalu; tidak terlalu mahal
Magic Sanctuary;88 ;2 tahun lalu; Kopi yang enak
maiyo hendrawan;47 ;5 bulan lalu; Suasana yang menyenangkan
maiyo hendrawan;47 ;5 bulan lalu;cukup mahal 
maiyo hendrawan;47 ;5 bulan lalu;makanan dan kopi biasanya
Regina Yacika;11 ;3 tahun lalu; Suka arsitektur dan suasananya
Regina Yacika;11 ;3 tahun lalu; Pelayanan bagus
Regina Yacika;11 ;3 tahun lalu; tape goreng harus mencoba dan mengimbangi nasi goreng hitam. .
Yuwono S;47 ;setahun lalu; tempat nongkrong yang nyaman, bahkan ada live music agar lebih nyaman
Patricia Tirtaputri;19 ;setahun lalu;  kopi yang enak 
Patricia Tirtaputri;19 ;setahun lalu; tempat yang bagus untuk dihabiskan bersama
Alan Karyono;199 ;setahun lalu; Saya akan sangat senang jika merokok bisa senyaman area dalam ruangan ... 
Stephano Winarto;48 ;3 tahun lalu; Kopi yang enak. 
Stephano Winarto;48 ;3 tahun lalu; Tempat yang indah. Area parkir yang luas. 
Stephano Winarto;48 ;3 tahun lalu; Layanan hebat.
Davin Rahardjo;111 ;3 tahun lalu; Tempat Nyaman Yang Bagus, 
Davin Rahardjo;111 ;3 tahun lalu; Harga Kafe Elit
Davin Rahardjo;111 ;3 tahun lalu; selalu ramai,  Tempa nongkrong yang Disarankan
debbie diary;19 ;3 tahun lalu; Tempat yang bagus untuk nongkrong atau bertemu seseorang.
debbie diary;19 ;3 tahun lalu;Makanan dan kopi itu enak
donny cahyono;86 ;3 tahun lalu; Ini adalah tempat yang bagus dengan arsitektur sederhana 
donny cahyono;86 ;3 tahun lalu; memiliki salah satu kopi terbaik di surabaya
Imelda Lewono;134 ;setahun lalu; Baru saja berkunjung ke sana dan membawa pergi..hanya bertanya-tanya melihat pelayan tidak memakai topeng..melakukan pembayaran, kemudian membuat minuman ... ketika kami memintanya untuk memakai topeng, dia hanya mengatakan dia terkena flu..tidak bisa memakai topeng. .OH TUHAN
Ajeng Natalia;112 ;3 tahun lalu; Tempatnya nyaman
Ajeng Natalia;112 ;3 tahun lalu;staf ramah,
Ajeng Natalia;112 ;3 tahun lalu; tentunya kopinya enak
robert ea;53 ;setahun lalu; Tempat yang sangat bagus untuk bergaul dengan teman-teman. 
robert ea;53 ;setahun lalu;Makanan layak. Kopi itu enak.
anggriyan permana;1 ;10 bulan lalu; Kopi itu enak
Adinda Dnisa;117 ;setahun lalu; Rasa  yang enak
Adinda Dnisa;117 ;setahun lalu;layanan yang baik
Timothy S;48 ;setahun lalu; Ini menyajikan hidangan barat. Saya suka ... Tapi seleraku masih makanan Indonesia dan Cina
Christ Tanto;72 ;3 tahun lalu; Tempat yang bagus.
Christ Tanto;72 ;3 tahun lalu; Tempat yang bagus. Kopi yang enak. 
Thomas Wanamarta;57 ;setahun lalu; Tempat yang bagus & nyaman
Farrel Ramadhan;10 ;2 tahun lalu; Tempat yang bagus dan kopi
Linda Hendrawati;10 ;2 tahun lalu; mereka memiliki cold brew yang benar-benar hebat (favorit saya adalah karamel white cold dan kelapa)
Sonny Harsono;140 ;setahun lalu; untuk Anda pecinta kopi, Anda harus mencicipi kopi mereka ... terutama aceh gayo americano ... espresso mereka juga bagus …
Yohana Wu;55 ;3 tahun lalu; Kopi biasa aja
Yohana Wu;55 ;3 tahun lalu; Tempatnya enak untuk hang out.
Yohana Wu;55 ;3 tahun lalu; Harga pasti tidak murah..
James Al;345 ;7 bulan lalu; Rasa kopi yang enak
James Al;345 ;7 bulan lalu; tempat yang nyaman ...
James Al;345 ;7 bulan lalu; layanan hangat 
buyung mahendra;458 ;2 tahun lalu; Tempat yang sangat bagus untuk bersantai
buyung mahendra;458 ;2 tahun lalu; kopi terbaik di kota, & makanan enak !!
andy sugengp;152 ;3 tahun lalu; tempat yang nyaman, di mana saya dapat menikmati waktu minum kopi saya, begitu indah ??????
Linarto Wijaya (aLiQ);267 ;2 tahun lalu; Tempat yang bagus untuk hangout dengan teman-teman, 
Linarto Wijaya (aLiQ);267 ;2 tahun lalu; suka kopi
Linarto Wijaya (aLiQ);267 ;2 tahun lalu; keramahan
Mc Iswandi;3 ;3 bulan lalu; Kopi yang enak
Mc Iswandi;3 ;3 bulan lalu; Tempat yang bagus.
Alby Tandinata;9 ;11 bulan lalu; Kopi enak, makanan yang baik,
Alby Tandinata;9 ;11 bulan lalu;tempat yang bagus, 
Alby Tandinata;9 ;11 bulan lalu; para staf sangat bagus & membantu
Vincent Yongky;197 ;3 tahun lalu;tapi agak mahal
Vincent Yongky;197 ;3 tahun lalu; tempat yang nyaman 
Daniel Widjaja;25 ;3 tahun lalu;" Tempat dingin .. terbaik untuk hangout dengan teman ..Dan yang terbaik akan selalu menjadi ""Cold White"" untukku ?"
Irwan Tanaya;35 ;2 tahun lalu; Tempat yang bagus untuk minum kopi dan suasana yang bagus untuk hangout dengan teman dan keluarga.
Nora Zhang;266 ;3 tahun lalu; Elegan dan modern. Meski tidak mudah menikmati percakapan karena volume speaker terlalu keras
Ray Susantyo;3 ;3 tahun lalu; Buka awal jam 6 pagi sampai tengah malam!
Ray Susantyo;3 ;3 tahun lalu; Kopi, makanan, dan sarapan enak.
Koko Kostaman;45 ;3 tahun lalu; Apakah hanya saya atau apakah ada orang lain yang berpikir layanannya agak lambat?
Koko Kostaman;45 ;3 tahun lalu; kopinya enak
Aditya Rizaldy;49 ;setahun lalu; Tempat yang nyaman 
Aditya Rizaldy;49 ;setahun lalu;makanan yang lezat
Aditya Rizaldy;49 ;setahun lalu;para staf sangat ramah
Febriani Mulyadi;96 ;3 tahun lalu; Tempatnya bagus
Febriani Mulyadi;96 ;3 tahun lalu; makanannya mengecewakan karena saya menemukan sehelai rambut di makanan, dan kopi lumayan
Juliana Tanaputra;54 ;2 tahun lalu; Kopi yang enak
Christoper Jayaputra;530 ;2 tahun lalu; Suka cold brew
Christoper Jayaputra;530 ;2 tahun lalu; Suka cold brew, tempat yang bagus untuk bergaul dengan teman-teman
Amelia Wongso;58 ;2 tahun lalu; Kafe luar ruangan tersedia .... jarak sosial mungkin
Delwin Umar;1 ;3 tahun lalu; Kopi, makanan, dan musik live... Sempurna!!
Haryo BW;85 ;2 tahun lalu; Tempat yang bagus dan nyaman
George Purba;1 ;3 tahun lalu; warung kopi baru di surabaya. white cold mereka adalah yang terbaik
Cindy Putri;114 ;3 tahun lalu; Tempat Bagus
Cindy Putri;114 ;3 tahun lalu; Kopi enak tapi bukan makanannya
ifast museamild;55 ;setahun lalu; Tempat yang sangat nyaman untuk berkumpul dengan secangkir kopi
Hassan Mohsin;71 ;2 tahun lalu; Tempat yang bagus dengan suasana yang bagus
Dodi TR;102 ;4 bulan lalu; Tempat yang bagus untuk makan malam dan kopi. Atmosfer yang baik
Joanne KP 64;2 ;3 tahun lalu;tapi terlalu mahal
Joanne KP 64;2 ;3 tahun lalu; Kopi yang enak, makanannya ok 
Budiono Yong;53 ;setahun lalu; Tempat yang bagus untuk kopi + makanan ringan
Yuni Arrahmah;256 ;10 bulan lalu; Oke
FOTOGRAFERKU .net;103 ;2 tahun lalu; Tempat yang nyaman, itu adalah tempat yang baik bagi Anda untuk bergaul dengan teman-teman.
FOTOGRAFERKU .net;103 ;2 tahun lalu; kopi keprok itu baik
Natalie Jp;177 ;3 tahun lalu; Suasana yang bagus
Franky Hwan Khing;60 ;setahun lalu; Kopi yang sangat bagus.
Franky Hwan Khing;60 ;setahun lalu; Suasana yang bagus
William Murtihardjana;11 ;2 tahun lalu; Tempat bagus dan nyaman, lumayan keren
marten erwin;31 ;8 bulan lalu; Tempat yang bagus
marten erwin;31 ;8 bulan lalu; keramahan yang baik,
marten erwin;31 ;8 bulan lalu;kopi berkualitas
Stella Masengi;69 ;3 tahun lalu; Tempat untuk menikmati secangkir kopi yang luar biasa, setiap rekomendasi!
Aswin Soeparman;238 ;setahun lalu; Kopi enak
Aswin Soeparman;238 ;setahun lalu;saya hanya tidak suka suasananya terlalu berisik
Irham Bachtiar;203 ;4 bulan lalu; Cukup mahal
Irham Bachtiar;203 ;4 bulan lalu;tapi suasananya bagus untuk bersantai.
Marlina Simarmata;26 ;3 tahun lalu; Kopi yang enak
Marlina Simarmata;26 ;3 tahun lalu;Suasana yang menyenangkan
heriyan;195 ;8 bulan lalu; Mahal.
heriyan;195 ;8 bulan lalu;Makanan rasanya rata-rata.Porsi makanan kurang dari rata-rata
Mita Kristanto;54 ;3 tahun lalu; Tempat yang bagus untuk nongkrong
Ryan Arya;40 ;setahun lalu; Terlalu ramai..tidak ada pengunjung terbatas di daerah itu
Deddy Permana;20 ;3 tahun lalu; Kedai kopi yang bagus
???;135 ;2 bulan lalu; Kopi cold brew terbaik di kota
Renata Bukvi? Letica;13 ;3 tahun lalu; Tempat yang bagus
Renata Bukvi? Letica;13 ;3 tahun lalu; kopi yang enak, makanan enak!
Deddy Hendra Putra;34 ;3 tahun lalu; Terbaik
Albertus Andrew;203 ;2 tahun lalu; Tempat yang bagus, 
Albertus Andrew;203 ;2 tahun lalu; kopi yang enak
Yan Bunawan;523 ;2 tahun lalu; Buka pagi! waktu yang tepat untuk minum kopi
itsjustoofy;160 ;3 tahun lalu; Tempat yang bagus
itsjustoofy;160 ;3 tahun lalu;Minuman dan Makanan yang bagus
Nobel Sutresman;63 ;3 tahun lalu; Suka tempat ini. Tempat yang bagus untuk bersantai
Burhan Liem;2 ;setahun lalu;Our new fav placeeeeeee ?????? laffff!
Frans Aditya;303 ;2 tahun lalu;Cold white caramelnya ??
Ius;161 ;2 tahun lalu; Tempat nyaman yang bagus untuk hang out dengan teman-teman
Meliza Dewi;2 ;3 tahun lalu; Kopi dat ........ Anda mencobanya sendiri dan Anda akan ketagihan.
wildan faris;12 ;6 bulan lalu; Kopi enak ??
Dino Widiono;12 ;setahun lalu; Suasana yang sangat bagus 
Dino Widiono;12 ;setahun lalu; pelayanan yang baik dari tim.
Joshua Joshua;46 ;3 tahun lalu; Tempatnya nyaman dan asik
Rei G;1 ;3 tahun lalu; Goor Location..Instragramer Place n Nice place n view ..
Christopher Tjandra;34 ;setahun lalu; Tempat baru untuk bergaul dengan teman-teman, suasana luar biasa
Jess M;216 ;2 tahun lalu; Tidak direkomendasikan. Mahal 
Jess M;216 ;2 tahun lalu; Tidak direkomendasikan. layanan terburuk!
Syaifulr Roziqin;29 ;3 tahun lalu; Tempat yang bagus untuk pertemuan keluarga dan pertemuan bisnis
Jeff Collins;256 ;2 tahun lalu; Tempat favorit dengan musik live yang bagus
Matt Chuang;96 ;2 tahun lalu; Tempat yang bagus,
Matt Chuang;96 ;2 tahun lalu; kopi dan makanan enak
Chairul Sadat;1 ;3 tahun lalu; Bagus sekali
Windy Widjaya;11 ;3 tahun lalu; kopinya gawddd
Flik “Flik Gaming”;194 ;setahun lalu; Suka sekali
Ardian JS Trading;263 ;3 tahun lalu;Espressonya mantaap
Cicilia Dewi;133 ;3 tahun lalu; Tempat yang nyaman ... tempat yang bagus untuk hang out …
Big Supplies;1 ;3 tahun lalu; Cocok untuk pacaran
bujung hanani;225 ;3 tahun lalu; nyaman !
Yanti romadhona;43 ;3 bulan lalu; Tempat yang bagus
Vina Ludong;76 ;setahun lalu; Tempat yang asyik. Ambien bagus
Audreya Putri Margaretha;65 ;3 tahun lalu; Suka menu cold white
nathasha;124 ;4 bulan lalu;Mahal uga
Andy Y. Kurniawan;30 ;2 tahun lalu; Rasanya enak
Muklis muklis;17 ;9 bulan lalu; Kopi terbaik di kota????
Eden Stephani Juwono;299 ;3 tahun lalu; Tongkat mozza yang tidak enak
Arif Lesmana;43 ;setahun lalu; Tempat yang bagus, suasana yang menyenangkan,
Arif Lesmana;43 ;setahun lalu; makanan yang enak.
Dini Surya Ariani;85 ;3 tahun lalu; Tempat yang bagus untuk menikmati waktu luang
Dien Yulia Istighfarini;21 ;10 bulan lalu; Nyaman
Thomas Agustinus;36 ;2 tahun lalu; Minum enak, makanan tidak
Aditya Ryandhika;23 ;2 tahun lalu; Ini tempat yang bagus untuk hangup
Bagus Suryanto;38 ;2 tahun lalu; Tempat yang bagus untuk minum kopi
Ivana Tanjung;8 ;3 tahun lalu; kami menikmati layanannya
Ivana Tanjung;8 ;3 tahun lalu; kami menikmati tempat 
Phima Ruthia Dwikesumasari;185 ;setahun lalu; Makanan: 3/5
Phima Ruthia Dwikesumasari;185 ;setahun lalu;Service: 2/5
Mughworts Longshot;52 ;9 bulan lalu; Bagus e
Gunawan Khang;263 ;3 tahun lalu; Tempat yang bagus dan nyaman
Reza Nurwansyah;1.152 ;3 tahun lalu;topssss
Evilgeniuz ferry;46 ;3 tahun lalu; Bagus untuk hangout, hanya nyamuk …
tokyo 168;30 ;setahun lalu; Tempat nongkrong yang bagus, sebelah barat Surabaya
Rama Wijaya;61 ;3 tahun lalu;mantap jiwa
Dody Zulu;51 ;3 tahun lalu; Saya suka kopi 'tubruk'
dika ardhana;221 ;setahun lalu; Kopi yang enak
dika ardhana;221 ;setahun lalu;murah
dika ardhana;221 ;setahun lalu; arsitektur keren
Nita Pietersz;107 ;setahun lalu; Kopi yang enak,
Nita Pietersz;107 ;setahun lalu; tempat yang bagus
Rachman Danny;89 ;setahun lalu; Tempat yang bagus!! Aku menyukainya!
HENS;92 ;setahun lalu; Kopi yang enak dengan suasana yang menyenangkan
andree waru;29 ;10 bulan lalu; Cafe yang sangat keren !!
L D;80 ;3 tahun lalu; Tempat yang bagus
L D;80 ;3 tahun lalu; kopi yang enak
Rudy Hermawan;120 ;3 tahun lalu; Kedai kopi terbaik
Barnett Kurniawan;1 ;3 tahun lalu; Tempat yang bagus 
Barnett Kurniawan;1 ;3 tahun lalu; makanan yang enak
Silas Liem;312 ;3 tahun lalu; Tempat yang nyaman
alfajri koto;47 ;setahun lalu; Tempat yang bagus untuk bertemu bisnis
De Laguna Putera;32 ;2 tahun lalu; Nyaman 
De Laguna Putera;32 ;2 tahun lalu;tapi harga mahal
Raisya Hakim;1 ;3 tahun lalu; tempat yang baik untuk kegiatan usaha
Amor Acoustic;5 ;3 tahun lalu; Tidak pernah gagal untuk membuat saya terkesan
Lisa Wang;2 ;3 tahun lalu; Oke
Mr Andreas;7 ;2 tahun lalu; tapi mahal
Mr Andreas;7 ;2 tahun lalu; tempat ok
Rudy widanto;72 ;setahun lalu; Ya oke
maria widjaja;2 ;2 tahun lalu; Nyaman
Ardian Kartanegara;105 ;2 bulan lalu; Kafe yang bagus
Suwandhi H;439 ;2 tahun lalu; Tempatnya nyaman
Suwandhi H;439 ;2 tahun lalu; kopinya enak
Evelyn Go;132 ;2 tahun lalu; Tempat yang nyaman untuk minum kopi
Tony K. Tjiptodihardjo;37 ;3 tahun lalu; Kafe yang bagus
Nicholas Steven;4 ;setahun lalu; Tempat yang bagus untuk diskusi dan bersantai
RAMAYANA TRAVEL DUTA WISATA;87 ;setahun lalu; tempat yang luas 
RAMAYANA TRAVEL DUTA WISATA;87 ;setahun lalu; kopi yang enak.
Hendy Tirtawijaya;302 ;2 tahun lalu; Kopi terbaik!
Ihram Salis;252 ;2 tahun lalu; Tempat yang nyaman untuk mengobrol
Arion Mahatamtama;1 ;11 bulan lalu; Kopi yang enak!
Wahyuana Guntoro;29 ;3 tahun lalu; Tempat yang bagus
Andy Sulistyo;20 ;3 tahun lalu; Nikmati malam dengan secangkir kopi
Michael Andrean Ludy;119 ;3 tahun lalu; pemandangan indah, suasana yang menyenangkan
Ady Susanto;541 ;2 tahun lalu; Kedai kopi yang luas!
Hungry Mike Go;421 ;setahun lalu;Seep????
gunawan sebastian;28 ;2 tahun lalu; Suka sekali
Angz 333;71 ;setahun lalu; Tempat yang direkomendasikan…
idunno verymuch;13 ;7 bulan lalu; Tempat yang bagus untuk remaja
Ade Rizky E;14 ;setahun lalu; Tempat nongkrong yang asik
Yagetama;9 ;3 tahun lalu; Rasa biasa aja
Sylvia Bieng;752 ;3 tahun lalu; Kopi yang enak
Natasha Tirtadjaya;3 ;3 tahun lalu; Oke
Alibaba;516 ;2 tahun lalu; Bagus
Rizky Ramadhani;60 ;setahun lalu; Suka
Emil Vianto (Milo garos);88 ;2 tahun lalu; Bagus
nha dewi ratna;10 ;3 tahun lalu; Dingin
JJ 5758;310 ;3 tahun lalu; Oke
Max Satria;12 ;3 tahun lalu; Bagus
Blessed Charming Kian;29 ;3 tahun lalu; Bagus
Noviani Prayetno Wijoyo;146 ;2 tahun lalu; Kopi yang enak …
Pramudya Arianto;15 ;3 tahun lalu; Nyaman
Bondhan;39 ;2 tahun lalu;????
Nur Halimah;418 ;2 tahun lalu; Sangat otentik
Yendhik Balvindra;970 ;2 tahun lalu; Tempat yang bagus
Handri;39 ;setahun lalu; Terlalu ramai
Puguh Andianto;32 ;3 tahun lalu; Tempat yang bagus....
dwi kasih;2 ;2 tahun lalu; Kopi yang enak
Weny Nasution;81 ;3 tahun lalu; Suka tempat ini
Muchin;241 ;3 tahun lalu; Layanan buruk
Ad_yeah;26 ;3 tahun lalu; Tempat yang nyaman!
Nashul Badi;13 ;2 tahun lalu; Tempat yang bagus
cicang cicung;26 ;2 tahun lalu; Tempat yang keren
Choirul Umamy;76 ;setahun lalu;Manteebbbbb
diandra deviana;13 ;3 tahun lalu; Tempat yang bagus
mommy Albrian;34 ;2 tahun lalu; Tempat yang nyaman
Graham Taylor;111 ;2 tahun lalu; Tempat yang nyaman
Rey;2 ;2 tahun lalu; Tempat yang nyaman..
studio kayuputih;31 ;3 tahun lalu; Tempat yang nyaman
Raden Trino Didiet Setiawan;9 ;setahun lalu; Terlalu mahal
